1431412397098,21146,916,784,352136063152124,www.unige.ch,Http,"[19,19,39]",19.0,MOBILE,LTE,Orange CH,"[3342850,3337475]",1,"[-92,-110,-110,-110]",-110.0,3337475,46506,3,228
1431412457244,21126,2200,1890,352136063152124,www.unige.ch,Http,"[25,30,37]",30.0,MOBILE,LTE,Orange CH,[3337475],0,[-95],-95.0,3337475,46506,3,228
1431412550110,20074,2493,1773,352136063152124,www.unige.ch,Http,"[19,29,30]",29.0,MOBILE,LTE,Orange CH,"[3337475,3337473,3341316]",2,"[-95,-89,-85]",-89.0,3341316,65535,0,0
1431412610262,20072,2076,6738,352136063152124,www.unige.ch,Http,"[37,33,30]",33.0,MOBILE,LTE,Orange CH,[3341316],0,[-85],-85.0,3341316,46506,3,228
1431412670987,20163,2519,2056,352136063152124,www.unige.ch,Http,"[76,72,58]",72.0,MOBILE,LTE,Orange CH,[3332355],0,[-96],-96.0,3332355,46506,3,228
1431412731970,20090,864,656,352136063152124,www.unige.ch,Http,"[49,31,21]",31.0,MOBILE,LTE,Orange CH,[3339778],0,[-98],-98.0,3339778,46506,3,228
1431412792285,20080,1204,1161,352136063152124,www.unige.ch,Http,"[19,19,26]",19.0,MOBILE,LTE,Orange CH,[3339778],0,[-98],-98.0,3339778,46506,3,228
1431412852978,20091,864,656,352136063152124,www.unige.ch,Http,"[30,20,29]",29.0,MOBILE,LTE,Orange CH,[3339778],0,[-98],-98.0,3339778,46506,3,228
1431412913271,20078,864,656,352136063152124,www.unige.ch,Http,"[37,43,30]",37.0,MOBILE,LTE,Orange CH,[3339778],0,[-98],-98.0,3339778,46506,3,228
1431412973355,21165,1152,996,352136063152124,www.unige.ch,Http,"[19,30,20]",20.0,MOBILE,LTE,Orange CH,"[3339778,3333889]",1,"[-98,-97,-95,-96,-98,-95,-90,-92,-95]",-95.0,3333889,46506,3,228
1431413033554,20021,2231,1320,352136063152124,www.unige.ch,Http,"[28,20,28]",28.0,MOBILE,LTE,Orange CH,[3333889],0,[-95],-95.0,3333889,46506,3,228
1431413093702,20064,1418,1173,352136063152124,www.unige.ch,Http,"[26,19,23]",23.0,MOBILE,LTE,Orange CH,[3333889],0,[-95],-95.0,3333889,46506,3,228
1431413156998,20069,2285,1861,352136063152124,www.unige.ch,Http,"[19,20,20]",20.0,MOBILE,LTE,Orange CH,[3333889],0,[-95],-95.0,3333889,46506,3,228
1431414103056,20017,1554,1254,352136063152124,www.unige.ch,Http,"[18,25,21]",21.0,MOBILE,LTE,Orange CH,[3333889],0,"[-99,-107]",-103.0,3333889,46506,3,228
1431414163061,21108,133545,4521621,352136063152124,www.unige.ch,Http,"[19,29,25]",25.0,MOBILE,LTE,Orange CH,[3333889],0,"[-95,-95,-95,-94,-96,-93,-95,-94]",-95.0,3333889,46506,3,228
1431414224148,21186,864,656,352136063152124,www.unige.ch,Http,"[22,37,24]",24.0,MOBILE,LTE,Orange CH,[3333889],0,"[-99,-98,-102,-99,-102,-99,-95,-100]",-99.0,3333889,46506,3,228
1431414287964,20072,5928,8504,352136063152124,www.unige.ch,Http,"[32,29,21]",29.0,MOBILE,LTE,Orange CH,[3333889],0,"[-96,-105,-102,-95]",-99.0,3333889,46506,3,228
1431414348113,20023,1535,1149,352136063152124,www.unige.ch,Http,"[18,19,16]",18.0,MOBILE,LTE,Orange CH,[3333889],0,"[-96,-102,-102,-101,-103,-105,-101,-98]",-101.5,3333889,46506,3,228
1431408011144,20088,922,751,353490061561268,www.unige.ch,Http,"[725,56,105]",105.0,MOBILE,UMTS,Orange CH,[1211482],0,[-107],-107.0,1211482,6001,3,228
1431408071254,20096,7313,6108,353490061561268,www.unige.ch,Http,"[66,197,61]",66.0,MOBILE,UMTS,Orange CH,[1211482],0,[-107],-107.0,1211482,6001,3,228
1431408131509,20096,988,756,353490061561268,www.unige.ch,Http,"[814,52,74]",74.0,MOBILE,UMTS,Orange CH,[1211482],0,[-107],-107.0,1211482,6001,3,228
1431408191594,20098,864,604,353490061561268,www.unige.ch,Http,"[767,44,49]",49.0,MOBILE,UMTS,Orange CH,[1211482],0,[-107],-107.0,1211482,6001,3,228
1431408251643,20033,1555,1092,353490061561268,www.unige.ch,Http,"[764,36,48]",48.0,MOBILE,HSPA+,Orange CH,[1210746],0,[-77],-77.0,1210746,6001,3,228
1431408311679,20040,1680,1166,353490061561268,www.unige.ch,Http,"[727,61,68]",68.0,MOBILE,HSPA+,Orange CH,[1210746],0,[-77],-77.0,1210746,6001,3,228
1431408371823,20087,9811,8224,353490061561268,www.unige.ch,Http,"[770,67,68]",68.0,MOBILE,HSPA+,Orange CH,[1210746],0,[-77],-77.0,1210746,6001,3,228
1431408432629,20013,864,656,353490061561268,www.unige.ch,Http,"[630,42,39]",42.0,MOBILE,HSPA+,Orange CH,[1210746],0,[-77],-77.0,1210746,6001,3,228
1431408492634,20069,864,656,353490061561268,www.unige.ch,Http,"[737,52,50]",52.0,MOBILE,HSPA+,Orange CH,[1210746],0,[-77],-77.0,1210746,6001,3,228
1431408552642,20091,1022,776,353490061561268,www.unige.ch,Http,"[837,53,57]",57.0,MOBILE,HSPA+,Orange CH,[1210746],0,[-77],-77.0,1210746,6001,3,228
1431408612664,20091,928,756,353490061561268,www.unige.ch,Http,"[914,47,59]",59.0,MOBILE,HSPA+,Orange CH,[1210746],0,[-77],-77.0,1210746,6001,3,228
1431408672704,20034,1711,1737,353490061561268,www.unige.ch,Http,"[59,56,62]",59.0,MOBILE,HSPA+,Orange CH,[1210746],0,[-77],-77.0,1210746,6001,3,228
1431408732717,20071,6975,19862,353490061561268,www.unige.ch,Http,"[719,50,49]",50.0,MOBILE,HSPA+,Orange CH,[1210746],0,[-77],-77.0,1210746,6001,3,228
1431408796551,20107,6539,4787,353490061561268,www.unige.ch,Http,"[80,54,71]",71.0,MOBILE,HSPA+,Orange CH,[1210746],0,[-77],-77.0,1210746,6001,3,228
1431408859521,20063,1030,656,353490061561268,www.unige.ch,Http,"[617,48,36]",48.0,MOBILE,HSPA+,Orange CH,[1210746],0,[-77],-77.0,1210746,6001,3,228
1431408920568,20022,9418,20429,353490061561268,www.unige.ch,Http,"[924,39,57]",57.0,MOBILE,HSPA+,Orange CH,[1210746],0,[-77],-77.0,1210746,6001,3,228
1431408983546,20080,10852,22101,353490061561268,www.unige.ch,Http,"[58,58,63]",58.0,MOBILE,HSPA+,Orange CH,"[1210746,1231039]",1,"[-77,-71,-73,-73,-73,-69]",-73.0,1231039,6001,3,228
1431409052204,20011,2993,2592,353490061561268,www.unige.ch,Http,"[62,51,59]",59.0,MOBILE,HSPA+,Orange CH,"[1231039,1211039,1211039,1231039]",3,"[-69,-81,-81,-79,-81,-79]",-80.0,1231039,6001,3,228
1431409112199,20092,21825,10080,353490061561268,www.unige.ch,Http,"[1309,56,58]",58.0,MOBILE,UMTS,Orange CH,[1231039],0,[-91],-91.0,1231039,6001,3,228
1431409184612,20068,49772,37455,353490061561268,www.unige.ch,Http,"[3571,108,66]",108.0,MOBILE,UMTS,Orange CH,[1231039],0,[-91],-91.0,1231039,6001,3,228
1431409246589,21226,1648,1518,353490061561268,www.unige.ch,Http,"[785,52,54]",54.0,MOBILE,UMTS,Orange CH,[1231039],0,[-91],-91.0,1231039,6001,3,228
1431410122834,20083,13318,16073,353490061561268,www.unige.ch,Http,"[5000,5000]",5000.0,MOBILE,EDGE,Orange CH,[11322],0,[-101],-101.0,11322,6001,3,228
1431410186604,21161,5169,4128,353490061561268,www.unige.ch,Http,"[1361,998,716]",998.0,MOBILE,EDGE,Orange CH,[11322],0,[-101],-101.0,11322,6001,3,228
1431410247551,20061,1366,0,353490061561268,www.unige.ch,Http,"[5000,5000]",5000.0,MOBILE,EDGE,Orange CH,[11322],0,[-101],-101.0,11322,6001,3,228
1431410367618,20025,3910,7182,353490061561268,www.unige.ch,Http,"[5000,3571,5000]",5000.0,MOBILE,EDGE,Orange CH,[11322],0,[-107],-107.0,11322,6001,3,228
1431411449068,20052,5744,8604,353490061561268,www.unige.ch,Http,[],0.0,MOBILE,EDGE,Orange CH,[11322],0,[-105],-105.0,11322,6001,3,228
1431411509146,20064,10087,54961,353490061561268,www.unige.ch,Http,[],0.0,MOBILE,EDGE,Orange CH,[11322],0,[-105],-105.0,11322,6001,3,228
1431411569219,20066,9613,23346,353490061561268,www.unige.ch,Http,"[2642,499,1346]",1346.0,MOBILE,EDGE,Orange CH,[11322],0,[-105],-105.0,11322,6001,3,228
1431411629566,20045,9603,12729,353490061561268,www.unige.ch,Http,"[429,490,685]",490.0,MOBILE,EDGE,Orange CH,[11322],0,[-105],-105.0,11322,6001,3,228
1431411689554,20036,4037,3153,353490061561268,www.unige.ch,Http,"[5000,1131,716]",1131.0,MOBILE,EDGE,Orange CH,[11322],0,[-105],-105.0,11322,6001,3,228
1431411757555,20066,7729,18776,353490061561268,www.unige.ch,Http,"[421,481,397]",421.0,MOBILE,EDGE,Orange CH,[11322],0,"[-105,-93,-93,-93]",-93.0,11322,6001,3,228
1431411828552,20072,12894,2615,353490061561268,www.unige.ch,Http,"[459,298,328]",328.0,MOBILE,EDGE,Orange CH,[11322],0,[-93],-93.0,11322,6001,3,228
1431411894746,20090,1284,896,353490061561268,www.unige.ch,Http,"[260,345,289]",289.0,MOBILE,EDGE,Orange CH,[11322],0,[-93],-93.0,11322,6001,3,228
1431411954901,20116,3229,64298,353490061561268,www.unige.ch,Http,"[514,389,306]",389.0,MOBILE,EDGE,Orange CH,[11322],0,[-93],-93.0,11322,6001,3,228
1431412021554,20087,864,656,353490061561268,www.unige.ch,Http,"[516,565,417]",516.0,MOBILE,EDGE,Orange CH,[11322],0,[-93],-93.0,11322,6001,3,228
1431412088674,20074,1194,878,353490061561268,www.unige.ch,Http,"[376,340,316]",340.0,MOBILE,EDGE,Orange CH,[11322],0,[-93],-93.0,11322,6001,3,228
1431412150605,20092,916,674,353490061561268,www.unige.ch,Http,"[516,537,464]",516.0,MOBILE,EDGE,Orange CH,[11322],0,[-93],-93.0,11322,6001,3,228
1431412212515,20081,864,604,353490061561268,www.unige.ch,Http,"[395,579,376]",395.0,MOBILE,EDGE,Orange CH,[11322],0,[-93],-93.0,11322,6001,3,228
1431412274596,20076,1293,1682,353490061561268,www.unige.ch,Http,"[316,381,340]",340.0,MOBILE,EDGE,Orange CH,[11322],0,[-93],-93.0,11322,6001,3,228
1431412335748,20072,5261,18934,353490061561268,www.unige.ch,Http,"[519,341,826]",519.0,MOBILE,EDGE,Orange CH,[11322],0,[-93],-93.0,11322,6001,3,228
1431412395858,20034,2336,2242,353490061561268,www.unige.ch,Http,"[1173,616,643]",643.0,MOBILE,EDGE,Orange CH,"[11322,1211039]",1,"[-93,-105]",-99.0,1211039,6001,3,228
1431412456008,20074,924,708,353490061561268,www.unige.ch,Http,"[87,81,59]",81.0,MOBILE,UMTS,Orange CH,[1211039],0,[-105],-105.0,1211039,6001,3,228
1431412542880,21162,1486,716,353490061561268,www.unige.ch,Http,"[65,59,55]",59.0,MOBILE,UMTS,Orange CH,[1211039],0,[-105],-105.0,1211039,6001,3,228
1431412603491,21140,1936,1397,353490061561268,www.unige.ch,Http,"[48,49,53]",49.0,MOBILE,UMTS,Orange CH,[1211039],0,[-105],-105.0,1211039,6001,3,228
1431412680124,20152,2074,1578,353490061561268,www.unige.ch,Http,"[80,86,139]",86.0,MOBILE,UMTS,Orange CH,[1211039],0,"[-105,-107,-107,-111]",-107.0,1211039,6001,3,228
1431412757514,20519,864,656,353490061561268,www.unige.ch,Http,"[862,107,49]",107.0,MOBILE,HSPA+,Orange CH,[1211039],0,[-111],-111.0,1211039,6001,3,228
1431412818790,20074,3806,6622,353490061561268,www.unige.ch,Http,"[408,655,501]",501.0,MOBILE,HSPA+,Orange CH,[1211039],0,[-111],-111.0,1211039,6001,3,228
1431412884602,20069,1164,880,353490061561268,www.unige.ch,Http,"[66,68,77]",68.0,MOBILE,HSPA+,Orange CH,[1211039],0,[-111],-111.0,1211039,6001,3,228
1431412945671,20084,1229,1253,353490061561268,www.unige.ch,Http,"[851,98,125]",125.0,MOBILE,HSPA+,Orange CH,[1211039],0,[-111],-111.0,1211039,6001,3,228
1431413006821,20080,11033,15793,353490061561268,www.unige.ch,Http,"[720,66,66]",66.0,MOBILE,HSPA+,Orange CH,"[1211039,1211039,1231039]",2,"[-111,-99,-99,-101,-97,-97,-97,-97]",-98.0,1231039,6001,3,228
1431413069689,20083,2661,2126,353490061561268,www.unige.ch,Http,"[67,58,58]",58.0,MOBILE,HSPA+,Orange CH,[1210981],0,[-101],-101.0,1210981,6001,3,228
1431413193760,21245,6875,6009,353490061561268,www.unige.ch,Http,"[57,59,58]",58.0,MOBILE,UMTS,Orange CH,[11322],0,[-89],-89.0,11322,6001,3,228
1431413254797,21180,13976,7657,353490061561268,www.unige.ch,Http,"[49,50,50]",50.0,MOBILE,UMTS,Orange CH,[11322],0,[-89],-89.0,11322,2147483647,3,228
1431413320221,20025,1194,930,353490061561268,www.unige.ch,Http,"[727,67,67]",67.0,MOBILE,UMTS,Orange CH,[11322],0,[-89],-89.0,11322,6001,3,228
1431413381545,21155,2023,1571,353490061561268,www.unige.ch,Http,"[877,68,55]",68.0,MOBILE,UMTS,Orange CH,[11322],0,[-89],-89.0,11322,6001,3,228
1431413442605,21144,864,656,353490061561268,www.unige.ch,Http,"[745,58,64]",64.0,MOBILE,UMTS,Orange CH,[11322],0,[-89],-89.0,11322,6001,3,228
1431413505958,21176,2850,2570,353490061561268,www.unige.ch,Http,"[41,42,30]",41.0,MOBILE,UMTS,Orange CH,[11322],0,[-89],-89.0,11322,6001,3,228
1431413567662,20420,3597,2035,353490061561268,www.unige.ch,Http,"[777,77,69]",77.0,MOBILE,UMTS,Orange CH,[11322],0,[-89],-89.0,11322,6001,3,228
1431413628605,20075,1737,1601,353490061561268,www.unige.ch,Http,"[661,48,36]",48.0,MOBILE,UMTS,Orange CH,[11322],0,[-89],-89.0,11322,6001,3,228
1431413689791,20079,3539,2375,353490061561268,www.unige.ch,Http,"[4234,67,71]",71.0,MOBILE,UMTS,Orange CH,[11322],0,[-89],-89.0,11322,6001,3,228
1431413757623,20075,1894,1725,353490061561268,www.unige.ch,Http,"[680,81,78]",81.0,MOBILE,UMTS,Orange CH,[11322],0,[-89],-89.0,11322,6001,3,228
1431413821520,20084,1674,1389,353490061561268,www.unige.ch,Http,"[57,74,68]",68.0,MOBILE,UMTS,Orange CH,[11322],0,[-89],-89.0,11322,6001,3,228
1431413882642,20311,16871,8034,353490061561268,www.unige.ch,Http,"[859,67,62]",67.0,MOBILE,UMTS,Orange CH,[11322],0,[-89],-89.0,11322,6001,3,228
1431413943690,20089,1774,3681,353490061561268,www.unige.ch,Http,"[781,57,67]",67.0,MOBILE,UMTS,Orange CH,[11322],0,[-89],-89.0,11322,6001,3,228
1431414004733,20080,2004,1797,353490061561268,www.unige.ch,Http,"[772,58,66]",66.0,MOBILE,UMTS,Orange CH,[11322],0,[-89],-89.0,11322,6001,3,228
1431414069538,20075,1933,1671,353490061561268,www.unige.ch,Http,"[840,85,74]",85.0,MOBILE,UMTS,Orange CH,[11322],0,[-89],-89.0,11322,6001,3,228
1431414130661,20067,6273,15534,353490061561268,www.unige.ch,Http,"[62,67,60]",62.0,MOBILE,UMTS,Orange CH,[11322],0,[-89],-89.0,11322,6001,3,228
1431414190733,20069,5099,4379,353490061561268,www.unige.ch,Http,"[908,37,39]",39.0,MOBILE,UMTS,Orange CH,[11322],0,[-89],-89.0,11322,6001,3,228
1431414250810,20070,1891,2042,353490061561268,www.unige.ch,Http,"[52,56,60]",56.0,MOBILE,UMTS,Orange CH,[11322],0,[-89],-89.0,11322,2147483647,3,228
1431414310885,20069,64821,12916,353490061561268,www.unige.ch,Http,"[50,58,49]",50.0,MOBILE,UMTS,Orange CH,[11322],0,[-89],-89.0,11322,6001,3,228
1431414385572,20086,1774,1424,353490061561268,www.unige.ch,Http,"[844,86,59]",86.0,MOBILE,UMTS,Orange CH,[11322],0,[-89],-89.0,11322,6001,3,228
1431414447605,20033,13334,24047,353490061561268,www.unige.ch,Http,"[868,55,58]",58.0,MOBILE,UMTS,Orange CH,[11322],0,[-89],-89.0,11322,6001,3,228
1431414510549,21193,15693,7721,353490061561268,www.unige.ch,Http,"[74,49,64]",64.0,MOBILE,UMTS,Orange CH,[11322],0,[-89],-89.0,11322,6001,3,228
1431414575558,21186,916,726,353490061561268,www.unige.ch,Http,"[55,36,31]",36.0,MOBILE,UMTS,Orange CH,[11322],0,[-89],-89.0,11322,6001,3,228
1431414637568,21157,1933,1710,353490061561268,www.unige.ch,Http,"[737,68,55]",68.0,MOBILE,UMTS,Orange CH,[11322],0,[-89],-89.0,11322,6001,3,228
1431414698742,21144,2801,1845,353490061561268,www.unige.ch,Http,"[719,86,68]",86.0,MOBILE,UMTS,Orange CH,[11322],0,[-89],-89.0,11322,6001,3,228
1431414758705,21227,2779,1923,353490061561268,www.unige.ch,Http,"[53,36,32]",36.0,MOBILE,HSPA+,Orange CH,[1210653],0,[-107],-107.0,1210653,6001,3,228
1431412397098,21146,916,784,352136063152124,www.unige.ch,Http,"[19,19,39]",19.0,MOBILE,LTE,Orange CH,"[3342850,3337475]",1,"[-92,-110,-110,-110]",-110.0,3337475,46506,3,228
1431412457244,21126,2200,1890,352136063152124,www.unige.ch,Http,"[25,30,37]",30.0,MOBILE,LTE,Orange CH,[3337475],0,[-95],-95.0,3337475,46506,3,228
1431412550110,20074,2493,1773,352136063152124,www.unige.ch,Http,"[19,29,30]",29.0,MOBILE,LTE,Orange CH,"[3337475,3337473,3341316]",2,"[-95,-89,-85]",-89.0,3341316,65535,0,0
1431412610262,20072,2076,6738,352136063152124,www.unige.ch,Http,"[37,33,30]",33.0,MOBILE,LTE,Orange CH,[3341316],0,[-85],-85.0,3341316,46506,3,228
1431412670987,20163,2519,2056,352136063152124,www.unige.ch,Http,"[76,72,58]",72.0,MOBILE,LTE,Orange CH,[3332355],0,[-96],-96.0,3332355,46506,3,228
1431412731970,20090,864,656,352136063152124,www.unige.ch,Http,"[49,31,21]",31.0,MOBILE,LTE,Orange CH,[3339778],0,[-98],-98.0,3339778,46506,3,228
1431412792285,20080,1204,1161,352136063152124,www.unige.ch,Http,"[19,19,26]",19.0,MOBILE,LTE,Orange CH,[3339778],0,[-98],-98.0,3339778,46506,3,228
1431412852978,20091,864,656,352136063152124,www.unige.ch,Http,"[30,20,29]",29.0,MOBILE,LTE,Orange CH,[3339778],0,[-98],-98.0,3339778,46506,3,228
1431412913271,20078,864,656,352136063152124,www.unige.ch,Http,"[37,43,30]",37.0,MOBILE,LTE,Orange CH,[3339778],0,[-98],-98.0,3339778,46506,3,228
1431412973355,21165,1152,996,352136063152124,www.unige.ch,Http,"[19,30,20]",20.0,MOBILE,LTE,Orange CH,"[3339778,3333889]",1,"[-98,-97,-95,-96,-98,-95,-90,-92,-95]",-95.0,3333889,46506,3,228
1431413033554,20021,2231,1320,352136063152124,www.unige.ch,Http,"[28,20,28]",28.0,MOBILE,LTE,Orange CH,[3333889],0,[-95],-95.0,3333889,46506,3,228
1431413093702,20064,1418,1173,352136063152124,www.unige.ch,Http,"[26,19,23]",23.0,MOBILE,LTE,Orange CH,[3333889],0,[-95],-95.0,3333889,46506,3,228
1431413156998,20069,2285,1861,352136063152124,www.unige.ch,Http,"[19,20,20]",20.0,MOBILE,LTE,Orange CH,[3333889],0,[-95],-95.0,3333889,46506,3,228
1431414103056,20017,1554,1254,352136063152124,www.unige.ch,Http,"[18,25,21]",21.0,MOBILE,LTE,Orange CH,[3333889],0,"[-99,-107]",-103.0,3333889,46506,3,228
1431414163061,21108,133545,4521621,352136063152124,www.unige.ch,Http,"[19,29,25]",25.0,MOBILE,LTE,Orange CH,[3333889],0,"[-95,-95,-95,-94,-96,-93,-95,-94]",-95.0,3333889,46506,3,228
1431414224148,21186,864,656,352136063152124,www.unige.ch,Http,"[22,37,24]",24.0,MOBILE,LTE,Orange CH,[3333889],0,"[-99,-98,-102,-99,-102,-99,-95,-100]",-99.0,3333889,46506,3,228
1431414287964,20072,5928,8504,352136063152124,www.unige.ch,Http,"[32,29,21]",29.0,MOBILE,LTE,Orange CH,[3333889],0,"[-96,-105,-102,-95]",-99.0,3333889,46506,3,228
1431414348113,20023,1535,1149,352136063152124,www.unige.ch,Http,"[18,19,16]",18.0,MOBILE,LTE,Orange CH,[3333889],0,"[-96,-102,-102,-101,-103,-105,-101,-98]",-101.5,3333889,46506,3,228
1431431373777,20069,916,737,352136063152124,www.unige.ch,Http,"[20,30,20]",20.0,MOBILE,LTE,Orange CH,[3333889],0,[-92],-92.0,3333889,46501,3,228
1431431434034,20070,864,656,352136063152124,www.unige.ch,Http,"[30,25,24]",25.0,MOBILE,LTE,Orange CH,[3333889],0,[-92],-92.0,3333889,46501,3,228
1431431494313,20068,1391,1279,352136063152124,www.unige.ch,Http,"[36,30,30]",30.0,MOBILE,LTE,Orange CH,[3333889],0,[-92],-92.0,3333889,46506,3,228
1431431554511,20081,864,656,352136063152124,www.unige.ch,Http,"[29,20,20]",20.0,MOBILE,LTE,Orange CH,[3333889],0,[-92],-92.0,3333889,46506,3,228
1431431614861,20081,864,656,352136063152124,www.unige.ch,Http,"[21,27,41]",27.0,MOBILE,LTE,Orange CH,[3333889],0,[-92],-92.0,3333889,46506,3,228
1431431675054,21185,1041,849,352136063152124,www.unige.ch,Http,"[23,24,24]",24.0,MOBILE,LTE,Orange CH,[3339778],0,"[-82,-83,-84,-84,-86,-89,-90,-89]",-85.0,3339778,46506,3,228
1431431735093,20294,5871,7040,352136063152124,www.unige.ch,Http,"[21,36,30]",30.0,MOBILE,LTE,Orange CH,"[3339778,3332353,3339778,3332353,3332354]",4,"[-98,-104,-108,-100,-100,-102,-100,-102]",-101.0,3332354,46506,3,228
1431431795127,21125,4310,3171,352136063152124,www.unige.ch,Http,"[39,30,20]",30.0,MOBILE,LTE,Orange CH,[3332355],0,[-96],-96.0,3332355,46506,3,228
1431431860113,21087,864,540,352136063152124,www.unige.ch,Http,"[20,25,21]",21.0,MOBILE,LTE,Orange CH,"[3332355,3350785]",1,"[-95,-93,-94,-95,-98,-95,-92,-91]",-94.5,3350785,46501,3,228
1431431920127,21090,18711,25422,352136063152124,www.unige.ch,Http,"[23,26,23]",23.0,MOBILE,LTE,Orange CH,"[3350786,3337473,3341316]",2,"[-91,-90,-90,-90,-90,-90,-93,-96]",-90.0,3341316,46506,3,228
1431431996260,21127,7762,4682,352136063152124,www.unige.ch,Http,"[21,29,19]",21.0,MOBILE,LTE,Orange CH,[3337475],0,"[-95,-93,-92,-93,-92,-96,-98,-100]",-94.0,3337475,46506,3,228
1431432060282,21108,1176,1381,352136063152124,www.unige.ch,Http,"[21,29,28]",28.0,MOBILE,LTE,Orange CH,"[3337475,3350786,3342850]",2,"[-99,-104,-98,-93,-100,-100,-102]",-100.0,3342850,46501,3,228
1431432124412,21123,36505,369676,352136063152124,www.unige.ch,Http,"[28,26,21]",26.0,MOBILE,LTE,Orange CH,[3342850],0,"[-91,-86,-86,-85,-85,-82,-77,-75]",-85.0,3342850,46501,3,228
1431432188546,21151,31329,1459833,352136063152124,www.unige.ch,Http,"[21,21,19]",21.0,MOBILE,LTE,Orange CH,[3342850],0,"[-74,-77,-73,-81,-81,-83,-79,-78]",-78.5,3342850,46501,3,228
1431432252680,21143,1124,935,352136063152124,www.unige.ch,Http,"[29,19,17]",19.0,MOBILE,LTE,Orange CH,"[3342849,3350787,3342849]",2,"[-80,-78,-80,-78,-80,-87,-85,-79,-79]",-80.0,3342849,46501,3,228
1431432316776,21432,864,656,352136063152124,www.unige.ch,Http,"[30,33,17]",30.0,MOBILE,LTE,Orange CH,"[3348482,3342849]",1,"[-79,-87,-99,-95,-90,-85,-85,-94]",-88.5,3342849,46501,3,228
1431432380240,20078,3715,2300,352136063152124,www.unige.ch,Http,"[296,260,125]",260.0,MOBILE,LTE,Orange CH,[3348481],0,[-102],-102.0,3348481,46501,3,228
1431432440483,20068,2928,2116,352136063152124,www.unige.ch,Http,"[100,70,90]",90.0,MOBILE,LTE,Orange CH,"[3348481,3333634]",1,"[-102,-107,-104,-103,-105,-104,-105]",-104.0,3333634,46501,3,228
1431432505046,21128,13009,61698,352136063152124,www.unige.ch,Http,"[29,30,60]",30.0,MOBILE,LTE,Orange CH,[3333634],0,"[-106,-107,-106,-107,-108,-108,-106,-105]",-106.5,3333634,46501,3,228
1431432568659,21188,916,656,352136063152124,www.unige.ch,Http,"[30,30,37]",30.0,MOBILE,LTE,Orange CH,"[3333634,3340291]",1,"[-104,-106,-107,-107,-105,-95,-86,-89]",-104.5,3340291,46501,3,228
1431432628842,21142,1481,1420,352136063152124,www.unige.ch,Http,"[24,39,34]",34.0,MOBILE,LTE,Orange CH,[3333634],0,"[-100,-100,-102,-102,-105,-108,-106,-94]",-102.0,3333634,46501,3,228
1431432689159,21225,2703,2271,352136063152124,www.unige.ch,Http,"[19,28,21]",21.0,MOBILE,LTE,Orange CH,[3333633],0,"[-97,-98,-94,-85,-85,-91,-98,-97]",-95.5,3333633,46501,3,228
1431432749303,20425,2648,4473,352136063152124,www.unige.ch,Http,"[31,39,26]",31.0,MOBILE,LTE,Orange CH,"[3333633,3332099,3332098]",2,"[-100,-101,-100,-87,-88,-84,-87,-86]",-87.5,3332098,46501,3,228
1431432844463,20081,3207,5320,352136063152124,www.unige.ch,Http,"[28,31,35]",31.0,MOBILE,LTE,Orange CH,"[3332097,3334657]",1,"[-100,-101,-101]",-101.0,3334657,46501,3,228
1431432942304,20021,10874,32928,352136063152124,www.unige.ch,Http,"[21,30,22]",22.0,MOBILE,LTE,Orange CH,[3334657],0,"[-101,-100,-101,-102]",-101.0,3334657,46501,3,228
1431433002873,21133,864,656,352136063152124,www.unige.ch,Http,"[18,21,19]",19.0,MOBILE,LTE,Orange CH,[3334657],0,[-100],-100.0,3334657,46501,3,228
1431433088102,20085,864,656,352136063152124,www.unige.ch,Http,"[99,202,117]",117.0,MOBILE,LTE,Orange CH,[3334657],0,[-100],-100.0,3334657,46501,3,228
1431433155737,21196,864,656,352136063152124,www.unige.ch,Http,"[37,43,49]",43.0,MOBILE,LTE,Orange CH,[3334657],0,[-100],-100.0,3334657,46501,3,228
1431433250110,20071,1032,888,352136063152124,www.unige.ch,Http,"[50,50,37]",50.0,MOBILE,LTE,Orange CH,[3334657],0,[-100],-100.0,3334657,46501,3,228
1431433351059,20067,3050,3929,352136063152124,www.unige.ch,Http,"[35,33,30]",33.0,MOBILE,LTE,Orange CH,[3334657],0,[-100],-100.0,3334657,46501,3,228
1431433431332,20017,928,2222,352136063152124,www.unige.ch,Http,"[33,47,43]",43.0,MOBILE,LTE,Orange CH,[3334657],0,[-100],-100.0,3334657,46501,3,228
1431433491584,20077,864,656,352136063152124,www.unige.ch,Http,"[29,20,27]",27.0,MOBILE,LTE,Orange CH,[3334657],0,[-100],-100.0,3334657,46501,3,228
1431433551815,20079,916,708,352136063152124,www.unige.ch,Http,"[20,30,20]",20.0,MOBILE,LTE,Orange CH,[3334657],0,[-100],-100.0,3334657,46501,3,228
1431433612014,20090,864,656,352136063152124,www.unige.ch,Http,"[24,30,26]",26.0,MOBILE,LTE,Orange CH,[3334657],0,[-100],-100.0,3334657,46501,3,228
1431433672284,20077,864,696,352136063152124,www.unige.ch,Http,"[28,22,27]",27.0,MOBILE,LTE,Orange CH,[3334657],0,[-100],-100.0,3334657,46501,3,228
1431433732620,20082,864,656,352136063152124,www.unige.ch,Http,"[30,30,25]",30.0,MOBILE,LTE,Orange CH,[3334657],0,[-100],-100.0,3334657,46501,3,228
1431446782797,20168,969,552,352136063152124,www.unige.ch,Http,"[67,93,97]",93.0,MOBILE,UMTS,Orange CH,[1211309],0,[-103],-103.0,1211309,-1,3,228
1431446843000,20080,3117,4045,352136063152124,www.unige.ch,Http,"[53,56,59]",56.0,MOBILE,UMTS,Orange CH,[1211309],0,[-103],-103.0,1211309,-1,3,228
1431446903193,20088,2543,2163,352136063152124,www.unige.ch,Http,"[690,76,65]",76.0,MOBILE,UMTS,Orange CH,[1211309],0,[-103],-103.0,1211309,-1,3,228
1431446963434,20091,864,656,352136063152124,www.unige.ch,Http,"[838,85,70]",85.0,MOBILE,UMTS,Orange CH,[1211309],0,[-103],-103.0,1211309,-1,3,228
1431445213242,20012,33310,60030,352136063162289,www.unige.ch,Http,"[27,22,27]",27.0,MOBILE,LTE,Orange CH,"[3340801,3363841]",1,"[-118,-99,-90,-88,-92,-93,-92,-92]",-92.0,3363841,46501,3,228
1431445273304,20020,33776,47758,352136063162289,www.unige.ch,Http,"[39,30,26]",30.0,MOBILE,LTE,Orange CH,"[3363841,3352833]",1,"[-116,-115,-114,-114,-114,-115,-113,-113]",-114.0,3352833,46506,3,228
1431445333310,20088,14627,67104,352136063162289,www.unige.ch,Http,"[28,27,29]",28.0,MOBILE,LTE,Orange CH,"[3352833,3352834,3352833]",2,"[-108,-109,-102,-103,-97,-97,-88]",-102.0,3352833,46506,3,228
1431445405248,20076,2379,2164,352136063162289,www.unige.ch,Http,"[32,29,28]",29.0,MOBILE,LTE,Orange CH,[3352833],0,[-91],-91.0,3352833,46501,3,228
1431445465292,21284,2944,2220,352136063162289,www.unige.ch,Http,"[18,17,21]",18.0,MOBILE,LTE,Orange CH,"[3354625,3354628]",1,"[-97,-95,-93,-93,-95,-93,-94,-95]",-94.5,3354628,46501,3,228
1431445525288,20020,18323,161592,352136063162289,www.unige.ch,Http,"[20,25,23]",23.0,MOBILE,LTE,Orange CH,"[3331842,3331843]",1,"[-87,-92,-98,-95,-92,-90,-85,-75]",-91.0,3331843,46501,3,228
1431408011144,20088,922,751,353490061561268,www.unige.ch,Http,"[725,56,105]",105.0,MOBILE,UMTS,Orange CH,[1211482],0,[-107],-107.0,1211482,6001,3,228
1431408071254,20096,7313,6108,353490061561268,www.unige.ch,Http,"[66,197,61]",66.0,MOBILE,UMTS,Orange CH,[1211482],0,[-107],-107.0,1211482,6001,3,228
1431408131509,20096,988,756,353490061561268,www.unige.ch,Http,"[814,52,74]",74.0,MOBILE,UMTS,Orange CH,[1211482],0,[-107],-107.0,1211482,6001,3,228
1431408191594,20098,864,604,353490061561268,www.unige.ch,Http,"[767,44,49]",49.0,MOBILE,UMTS,Orange CH,[1211482],0,[-107],-107.0,1211482,6001,3,228
1431408251643,20033,1555,1092,353490061561268,www.unige.ch,Http,"[764,36,48]",48.0,MOBILE,HSPA+,Orange CH,[1210746],0,[-77],-77.0,1210746,6001,3,228
1431408311679,20040,1680,1166,353490061561268,www.unige.ch,Http,"[727,61,68]",68.0,MOBILE,HSPA+,Orange CH,[1210746],0,[-77],-77.0,1210746,6001,3,228
1431408371823,20087,9811,8224,353490061561268,www.unige.ch,Http,"[770,67,68]",68.0,MOBILE,HSPA+,Orange CH,[1210746],0,[-77],-77.0,1210746,6001,3,228
1431408432629,20013,864,656,353490061561268,www.unige.ch,Http,"[630,42,39]",42.0,MOBILE,HSPA+,Orange CH,[1210746],0,[-77],-77.0,1210746,6001,3,228
1431408492634,20069,864,656,353490061561268,www.unige.ch,Http,"[737,52,50]",52.0,MOBILE,HSPA+,Orange CH,[1210746],0,[-77],-77.0,1210746,6001,3,228
1431408552642,20091,1022,776,353490061561268,www.unige.ch,Http,"[837,53,57]",57.0,MOBILE,HSPA+,Orange CH,[1210746],0,[-77],-77.0,1210746,6001,3,228
1431408612664,20091,928,756,353490061561268,www.unige.ch,Http,"[914,47,59]",59.0,MOBILE,HSPA+,Orange CH,[1210746],0,[-77],-77.0,1210746,6001,3,228
1431408672704,20034,1711,1737,353490061561268,www.unige.ch,Http,"[59,56,62]",59.0,MOBILE,HSPA+,Orange CH,[1210746],0,[-77],-77.0,1210746,6001,3,228
1431408732717,20071,6975,19862,353490061561268,www.unige.ch,Http,"[719,50,49]",50.0,MOBILE,HSPA+,Orange CH,[1210746],0,[-77],-77.0,1210746,6001,3,228
1431408796551,20107,6539,4787,353490061561268,www.unige.ch,Http,"[80,54,71]",71.0,MOBILE,HSPA+,Orange CH,[1210746],0,[-77],-77.0,1210746,6001,3,228
1431408859521,20063,1030,656,353490061561268,www.unige.ch,Http,"[617,48,36]",48.0,MOBILE,HSPA+,Orange CH,[1210746],0,[-77],-77.0,1210746,6001,3,228
1431408920568,20022,9418,20429,353490061561268,www.unige.ch,Http,"[924,39,57]",57.0,MOBILE,HSPA+,Orange CH,[1210746],0,[-77],-77.0,1210746,6001,3,228
1431408983546,20080,10852,22101,353490061561268,www.unige.ch,Http,"[58,58,63]",58.0,MOBILE,HSPA+,Orange CH,"[1210746,1231039]",1,"[-77,-71,-73,-73,-73,-69]",-73.0,1231039,6001,3,228
1431409052204,20011,2993,2592,353490061561268,www.unige.ch,Http,"[62,51,59]",59.0,MOBILE,HSPA+,Orange CH,"[1231039,1211039,1211039,1231039]",3,"[-69,-81,-81,-79,-81,-79]",-80.0,1231039,6001,3,228
1431409112199,20092,21825,10080,353490061561268,www.unige.ch,Http,"[1309,56,58]",58.0,MOBILE,UMTS,Orange CH,[1231039],0,[-91],-91.0,1231039,6001,3,228
1431409184612,20068,49772,37455,353490061561268,www.unige.ch,Http,"[3571,108,66]",108.0,MOBILE,UMTS,Orange CH,[1231039],0,[-91],-91.0,1231039,6001,3,228
1431409246589,21226,1648,1518,353490061561268,www.unige.ch,Http,"[785,52,54]",54.0,MOBILE,UMTS,Orange CH,[1231039],0,[-91],-91.0,1231039,6001,3,228
1431410122834,20083,13318,16073,353490061561268,www.unige.ch,Http,"[5000,5000]",5000.0,MOBILE,EDGE,Orange CH,[11322],0,[-101],-101.0,11322,6001,3,228
1431410186604,21161,5169,4128,353490061561268,www.unige.ch,Http,"[1361,998,716]",998.0,MOBILE,EDGE,Orange CH,[11322],0,[-101],-101.0,11322,6001,3,228
1431410247551,20061,1366,0,353490061561268,www.unige.ch,Http,"[5000,5000]",5000.0,MOBILE,EDGE,Orange CH,[11322],0,[-101],-101.0,11322,6001,3,228
1431410367618,20025,3910,7182,353490061561268,www.unige.ch,Http,"[5000,3571,5000]",5000.0,MOBILE,EDGE,Orange CH,[11322],0,[-107],-107.0,11322,6001,3,228
1431411449068,20052,5744,8604,353490061561268,www.unige.ch,Http,[],0.0,MOBILE,EDGE,Orange CH,[11322],0,[-105],-105.0,11322,6001,3,228
1431411509146,20064,10087,54961,353490061561268,www.unige.ch,Http,[],0.0,MOBILE,EDGE,Orange CH,[11322],0,[-105],-105.0,11322,6001,3,228
1431411569219,20066,9613,23346,353490061561268,www.unige.ch,Http,"[2642,499,1346]",1346.0,MOBILE,EDGE,Orange CH,[11322],0,[-105],-105.0,11322,6001,3,228
1431411629566,20045,9603,12729,353490061561268,www.unige.ch,Http,"[429,490,685]",490.0,MOBILE,EDGE,Orange CH,[11322],0,[-105],-105.0,11322,6001,3,228
1431411689554,20036,4037,3153,353490061561268,www.unige.ch,Http,"[5000,1131,716]",1131.0,MOBILE,EDGE,Orange CH,[11322],0,[-105],-105.0,11322,6001,3,228
1431411757555,20066,7729,18776,353490061561268,www.unige.ch,Http,"[421,481,397]",421.0,MOBILE,EDGE,Orange CH,[11322],0,"[-105,-93,-93,-93]",-93.0,11322,6001,3,228
1431411828552,20072,12894,2615,353490061561268,www.unige.ch,Http,"[459,298,328]",328.0,MOBILE,EDGE,Orange CH,[11322],0,[-93],-93.0,11322,6001,3,228
1431411894746,20090,1284,896,353490061561268,www.unige.ch,Http,"[260,345,289]",289.0,MOBILE,EDGE,Orange CH,[11322],0,[-93],-93.0,11322,6001,3,228
1431411954901,20116,3229,64298,353490061561268,www.unige.ch,Http,"[514,389,306]",389.0,MOBILE,EDGE,Orange CH,[11322],0,[-93],-93.0,11322,6001,3,228
1431412021554,20087,864,656,353490061561268,www.unige.ch,Http,"[516,565,417]",516.0,MOBILE,EDGE,Orange CH,[11322],0,[-93],-93.0,11322,6001,3,228
1431412088674,20074,1194,878,353490061561268,www.unige.ch,Http,"[376,340,316]",340.0,MOBILE,EDGE,Orange CH,[11322],0,[-93],-93.0,11322,6001,3,228
1431412150605,20092,916,674,353490061561268,www.unige.ch,Http,"[516,537,464]",516.0,MOBILE,EDGE,Orange CH,[11322],0,[-93],-93.0,11322,6001,3,228
1431412212515,20081,864,604,353490061561268,www.unige.ch,Http,"[395,579,376]",395.0,MOBILE,EDGE,Orange CH,[11322],0,[-93],-93.0,11322,6001,3,228
1431412274596,20076,1293,1682,353490061561268,www.unige.ch,Http,"[316,381,340]",340.0,MOBILE,EDGE,Orange CH,[11322],0,[-93],-93.0,11322,6001,3,228
1431412335748,20072,5261,18934,353490061561268,www.unige.ch,Http,"[519,341,826]",519.0,MOBILE,EDGE,Orange CH,[11322],0,[-93],-93.0,11322,6001,3,228
1431412395858,20034,2336,2242,353490061561268,www.unige.ch,Http,"[1173,616,643]",643.0,MOBILE,EDGE,Orange CH,"[11322,1211039]",1,"[-93,-105]",-99.0,1211039,6001,3,228
1431412456008,20074,924,708,353490061561268,www.unige.ch,Http,"[87,81,59]",81.0,MOBILE,UMTS,Orange CH,[1211039],0,[-105],-105.0,1211039,6001,3,228
1431412542880,21162,1486,716,353490061561268,www.unige.ch,Http,"[65,59,55]",59.0,MOBILE,UMTS,Orange CH,[1211039],0,[-105],-105.0,1211039,6001,3,228
1431412603491,21140,1936,1397,353490061561268,www.unige.ch,Http,"[48,49,53]",49.0,MOBILE,UMTS,Orange CH,[1211039],0,[-105],-105.0,1211039,6001,3,228
1431412680124,20152,2074,1578,353490061561268,www.unige.ch,Http,"[80,86,139]",86.0,MOBILE,UMTS,Orange CH,[1211039],0,"[-105,-107,-107,-111]",-107.0,1211039,6001,3,228
1431412757514,20519,864,656,353490061561268,www.unige.ch,Http,"[862,107,49]",107.0,MOBILE,HSPA+,Orange CH,[1211039],0,[-111],-111.0,1211039,6001,3,228
1431412818790,20074,3806,6622,353490061561268,www.unige.ch,Http,"[408,655,501]",501.0,MOBILE,HSPA+,Orange CH,[1211039],0,[-111],-111.0,1211039,6001,3,228
1431412884602,20069,1164,880,353490061561268,www.unige.ch,Http,"[66,68,77]",68.0,MOBILE,HSPA+,Orange CH,[1211039],0,[-111],-111.0,1211039,6001,3,228
1431412945671,20084,1229,1253,353490061561268,www.unige.ch,Http,"[851,98,125]",125.0,MOBILE,HSPA+,Orange CH,[1211039],0,[-111],-111.0,1211039,6001,3,228
1431413006821,20080,11033,15793,353490061561268,www.unige.ch,Http,"[720,66,66]",66.0,MOBILE,HSPA+,Orange CH,"[1211039,1211039,1231039]",2,"[-111,-99,-99,-101,-97,-97,-97,-97]",-98.0,1231039,6001,3,228
1431413069689,20083,2661,2126,353490061561268,www.unige.ch,Http,"[67,58,58]",58.0,MOBILE,HSPA+,Orange CH,[1210981],0,[-101],-101.0,1210981,6001,3,228
1431413193760,21245,6875,6009,353490061561268,www.unige.ch,Http,"[57,59,58]",58.0,MOBILE,UMTS,Orange CH,[11322],0,[-89],-89.0,11322,6001,3,228
1431413254797,21180,13976,7657,353490061561268,www.unige.ch,Http,"[49,50,50]",50.0,MOBILE,UMTS,Orange CH,[11322],0,[-89],-89.0,11322,2147483647,3,228
1431413320221,20025,1194,930,353490061561268,www.unige.ch,Http,"[727,67,67]",67.0,MOBILE,UMTS,Orange CH,[11322],0,[-89],-89.0,11322,6001,3,228
1431413381545,21155,2023,1571,353490061561268,www.unige.ch,Http,"[877,68,55]",68.0,MOBILE,UMTS,Orange CH,[11322],0,[-89],-89.0,11322,6001,3,228
1431413442605,21144,864,656,353490061561268,www.unige.ch,Http,"[745,58,64]",64.0,MOBILE,UMTS,Orange CH,[11322],0,[-89],-89.0,11322,6001,3,228
1431413505958,21176,2850,2570,353490061561268,www.unige.ch,Http,"[41,42,30]",41.0,MOBILE,UMTS,Orange CH,[11322],0,[-89],-89.0,11322,6001,3,228
1431413567662,20420,3597,2035,353490061561268,www.unige.ch,Http,"[777,77,69]",77.0,MOBILE,UMTS,Orange CH,[11322],0,[-89],-89.0,11322,6001,3,228
1431413628605,20075,1737,1601,353490061561268,www.unige.ch,Http,"[661,48,36]",48.0,MOBILE,UMTS,Orange CH,[11322],0,[-89],-89.0,11322,6001,3,228
1431413689791,20079,3539,2375,353490061561268,www.unige.ch,Http,"[4234,67,71]",71.0,MOBILE,UMTS,Orange CH,[11322],0,[-89],-89.0,11322,6001,3,228
1431413757623,20075,1894,1725,353490061561268,www.unige.ch,Http,"[680,81,78]",81.0,MOBILE,UMTS,Orange CH,[11322],0,[-89],-89.0,11322,6001,3,228
1431413821520,20084,1674,1389,353490061561268,www.unige.ch,Http,"[57,74,68]",68.0,MOBILE,UMTS,Orange CH,[11322],0,[-89],-89.0,11322,6001,3,228
1431413882642,20311,16871,8034,353490061561268,www.unige.ch,Http,"[859,67,62]",67.0,MOBILE,UMTS,Orange CH,[11322],0,[-89],-89.0,11322,6001,3,228
1431413943690,20089,1774,3681,353490061561268,www.unige.ch,Http,"[781,57,67]",67.0,MOBILE,UMTS,Orange CH,[11322],0,[-89],-89.0,11322,6001,3,228
1431414004733,20080,2004,1797,353490061561268,www.unige.ch,Http,"[772,58,66]",66.0,MOBILE,UMTS,Orange CH,[11322],0,[-89],-89.0,11322,6001,3,228
1431414069538,20075,1933,1671,353490061561268,www.unige.ch,Http,"[840,85,74]",85.0,MOBILE,UMTS,Orange CH,[11322],0,[-89],-89.0,11322,6001,3,228
1431414130661,20067,6273,15534,353490061561268,www.unige.ch,Http,"[62,67,60]",62.0,MOBILE,UMTS,Orange CH,[11322],0,[-89],-89.0,11322,6001,3,228
1431414190733,20069,5099,4379,353490061561268,www.unige.ch,Http,"[908,37,39]",39.0,MOBILE,UMTS,Orange CH,[11322],0,[-89],-89.0,11322,6001,3,228
1431414250810,20070,1891,2042,353490061561268,www.unige.ch,Http,"[52,56,60]",56.0,MOBILE,UMTS,Orange CH,[11322],0,[-89],-89.0,11322,2147483647,3,228
1431414310885,20069,64821,12916,353490061561268,www.unige.ch,Http,"[50,58,49]",50.0,MOBILE,UMTS,Orange CH,[11322],0,[-89],-89.0,11322,6001,3,228
1431414385572,20086,1774,1424,353490061561268,www.unige.ch,Http,"[844,86,59]",86.0,MOBILE,UMTS,Orange CH,[11322],0,[-89],-89.0,11322,6001,3,228
1431414447605,20033,13334,24047,353490061561268,www.unige.ch,Http,"[868,55,58]",58.0,MOBILE,UMTS,Orange CH,[11322],0,[-89],-89.0,11322,6001,3,228
1431414510549,21193,15693,7721,353490061561268,www.unige.ch,Http,"[74,49,64]",64.0,MOBILE,UMTS,Orange CH,[11322],0,[-89],-89.0,11322,6001,3,228
1431414575558,21186,916,726,353490061561268,www.unige.ch,Http,"[55,36,31]",36.0,MOBILE,UMTS,Orange CH,[11322],0,[-89],-89.0,11322,6001,3,228
1431414637568,21157,1933,1710,353490061561268,www.unige.ch,Http,"[737,68,55]",68.0,MOBILE,UMTS,Orange CH,[11322],0,[-89],-89.0,11322,6001,3,228
1431414698742,21144,2801,1845,353490061561268,www.unige.ch,Http,"[719,86,68]",86.0,MOBILE,UMTS,Orange CH,[11322],0,[-89],-89.0,11322,6001,3,228
1431414758705,21227,2779,1923,353490061561268,www.unige.ch,Http,"[53,36,32]",36.0,MOBILE,HSPA+,Orange CH,[1210653],0,[-107],-107.0,1210653,6001,3,228
1431449522260,20095,2847,597,353490061561268,www.unige.ch,Http,"[5000,5000,1924]",5000.0,MOBILE,UNKNOWN,Orange CH,"[-1,11005]",1,"[85,-97,-97]",-97.0,11005,6001,3,228
1431449583337,21228,1710,1199,353490061561268,www.unige.ch,Http,"[30,31,30]",30.0,MOBILE,UMTS,Orange CH,[1210653],0,[-101],-101.0,1210653,6001,3,228
1431456506316,20025,2178,0,353490061561268,www.unige.ch,Http,[],0.0,MOBILE,UNKNOWN,Orange CH,"[-1,1211423]",1,"[85,-101,-101]",-101.0,1211423,6001,3,228
1431456566306,20081,7155,7302,353490061561268,www.unige.ch,Http,"[66,57,60]",60.0,MOBILE,HSPA+,Orange CH,[1231169],0,[-99],-99.0,1231169,6001,3,228
1431456631164,20068,864,604,353490061561268,www.unige.ch,Http,"[814,87,76]",87.0,MOBILE,HSPA+,Orange CH,[1231169],0,[-99],-99.0,1231169,6001,3,228
1431456691270,20097,1472,1520,353490061561268,www.unige.ch,Http,"[776,105,79]",105.0,MOBILE,HSPA+,Orange CH,[1231169],0,[-99],-99.0,1231169,6001,3,228
1431456751175,20076,1604,1341,353490061561268,www.unige.ch,Http,"[915,62,79]",79.0,MOBILE,HSPA+,Orange CH,[1231169],0,[-99],-99.0,1231169,6001,3,228
1431456811221,20027,2048,1667,353490061561268,www.unige.ch,Http,"[744,33,29]",33.0,MOBILE,UMTS,Orange CH,"[1231250,1231250,1211250,1211250,1231250,1231250,1211250,-1,1211251]",8,"[-61,-61,-61,-59,-59,-59,-61,-61,-63,-63,-59,-59,-59,-57]",-60.0,1211251,6001,3,228
1431456872145,20075,998,996,353490061561268,www.unige.ch,Http,"[726,39,49]",49.0,MOBILE,HSPA+,Orange CH,[1211251],0,[-57],-57.0,1211251,6001,3,228
1431456932143,20076,2016,1768,353490061561268,www.unige.ch,Http,"[798,113,62]",113.0,MOBILE,UMTS,Orange CH,[1231012],0,"[-73,-73,-73,-73,-73,-73,-75,-75,-71,-71,-71]",-73.0,1231012,6001,3,228
1431456992515,21180,969,712,353490061561268,www.unige.ch,Http,"[51,49,59]",51.0,MOBILE,HSPA+,Orange CH,[1231012],0,[-71],-71.0,1231012,6001,3,228
1431457054216,20074,27651,12824,353490061561268,www.unige.ch,Http,"[108,76,43]",76.0,MOBILE,HSPA+,Orange CH,"[1231012,1231251,1211251]",2,"[-71,-63,-69,-69,-69]",-69.0,1211251,6001,3,228
1431457114204,20022,2231,2293,353490061561268,www.unige.ch,Http,"[48,38,31]",38.0,MOBILE,HSPA+,Orange CH,"[1211251,1231251,1231251,1211251]",3,"[-73,-73,-75,-75,-71,-71,-75]",-73.0,1211251,6001,3,228
1431457174219,20080,2231,1916,353490061561268,www.unige.ch,Http,"[167,39,33]",39.0,MOBILE,UMTS,Orange CH,[1231013],0,[-71],-71.0,1231013,6001,3,228
1431457238181,20619,33969,105979,353490061561268,www.unige.ch,Http,"[818,59,57]",59.0,MOBILE,UMTS,Orange CH,"[1231013,1211012,1231012]",2,"[-71,-59,-61,-65,-63,-61,-63,-61]",-62.0,1231012,6001,3,228
1431457299219,20081,2820,2410,353490061561268,www.unige.ch,Http,"[54,44,36]",44.0,MOBILE,HSPA+,Orange CH,[1231012],0,[-69],-69.0,1231012,6001,3,228
1431457359300,20794,3502,659,353490061561268,www.unige.ch,Http,"[5000,5000,5000]",5000.0,MOBILE,HSPA+,Orange CH,[1231012],0,[-69],-69.0,1231012,6001,3,228
1431457421972,20070,10556,21878,353490061561268,www.unige.ch,Http,"[278,470,317]",317.0,MOBILE,EDGE,Orange CH,[11595],0,[-55],-55.0,11595,6001,3,228
1431457481971,20024,2578,3036,353490061561268,www.unige.ch,Http,"[241,238,241]",241.0,MOBILE,EDGE,Orange CH,[11595],0,"[-67,-67,-67,-61,-59,-55,-55,-55,-57,-57]",-58.0,11595,6001,3,228
1431457542006,20065,2870,2842,353490061561268,www.unige.ch,Http,"[399,1518,1244]",1244.0,MOBILE,EDGE,Orange CH,"[11595,11603]",1,"[-79,-99,-95,-95,-93,-93,-95,-95,-95,-95,-77]",-95.0,11603,6001,3,228
1431457602017,20079,5423,5210,353490061561268,www.unige.ch,Http,"[30,49,37]",37.0,MOBILE,HSPA+,Orange CH,"[1211251,1211251,1210773,1211014]",3,"[-71,-71,-75,-75,-73,-77,-77,-69]",-74.0,1211014,6001,3,228
1431457662140,20069,18933,7647,353490061561268,www.unige.ch,Http,"[35,43,36]",36.0,MOBILE,UMTS,Orange CH,[1211014],0,[-69],-69.0,1211014,6001,3,228
1431457732163,20079,2442,2070,353490061561268,www.unige.ch,Http,"[43,45,46]",45.0,MOBILE,UMTS,Orange CH,[1211014],0,[-69],-69.0,1211014,6001,3,228
1431457793454,20093,1535,1175,353490061561268,www.unige.ch,Http,"[676,43,40]",43.0,MOBILE,UMTS,Orange CH,[1211014],0,[-69],-69.0,1211014,6001,3,228
1431457860200,20075,1172,1240,353490061561268,www.unige.ch,Http,"[818,68,50]",68.0,MOBILE,UMTS,Orange CH,[1211014],0,[-69],-69.0,1211014,6001,3,228
1431457922296,20086,2095,1473,353490061561268,www.unige.ch,Http,"[56,57,56]",56.0,MOBILE,UMTS,Orange CH,[1211014],0,[-69],-69.0,1211014,6001,3,228
1431457984205,20069,1640,1345,353490061561268,www.unige.ch,Http,"[975,37,47]",47.0,MOBILE,UMTS,Orange CH,[1211014],0,[-69],-69.0,1211014,6001,3,228
1431458045486,20183,864,552,353490061561268,www.unige.ch,Http,"[827,56,64]",64.0,MOBILE,UMTS,Orange CH,[1211014],0,[-69],-69.0,1211014,6001,3,228
1431458106724,20072,864,656,353490061561268,www.unige.ch,Http,"[761,56,58]",58.0,MOBILE,UMTS,Orange CH,[1211014],0,[-69],-69.0,1211014,6001,3,228
1431458172415,21258,3474,5474,353490061561268,www.unige.ch,Http,"[62,57,55]",57.0,MOBILE,UMTS,Orange CH,[1211014],0,[-69],-69.0,1211014,6001,3,228
1431458234182,20072,864,656,353490061561268,www.unige.ch,Http,"[801,68,78]",78.0,MOBILE,UMTS,Orange CH,[1211014],0,[-69],-69.0,1211014,6001,3,228
1431458295405,20079,864,656,353490061561268,www.unige.ch,Http,"[827,68,65]",68.0,MOBILE,UMTS,Orange CH,[1211014],0,[-69],-69.0,1211014,6001,3,228
1431458356465,20106,2186,1934,353490061561268,www.unige.ch,Http,"[62,57,66]",62.0,MOBILE,UMTS,Orange CH,[1211014],0,[-69],-69.0,1211014,6001,3,228
1431458416511,20097,8619,10164,353490061561268,www.unige.ch,Http,"[35,40,36]",36.0,MOBILE,UMTS,Orange CH,[1211014],0,[-69],-69.0,1211014,6001,3,228
1431458476795,20090,1144,788,353490061561268,www.unige.ch,Http,"[787,38,49]",49.0,MOBILE,UMTS,Orange CH,[1211014],0,[-69],-69.0,1211014,6001,3,228
1431458537181,20073,864,656,353490061561268,www.unige.ch,Http,"[682,37,45]",45.0,MOBILE,UMTS,Orange CH,[1211014],0,[-69],-69.0,1211014,6001,3,228
1431458597440,20072,1229,1253,353490061561268,www.unige.ch,Http,"[30,37,43]",37.0,MOBILE,UMTS,Orange CH,[1211014],0,[-69],-69.0,1211014,6001,3,228
1431458675235,20020,158487,41731,353490061561268,www.unige.ch,Http,"[80,80,41]",80.0,MOBILE,UMTS,Orange CH,[1211014],0,[-69],-69.0,1211014,6001,3,228
1431458738151,21239,864,656,353490061561268,www.unige.ch,Http,"[678,44,49]",49.0,MOBILE,UMTS,Orange CH,[1211014],0,[-69],-69.0,1211014,6001,3,228
1431458820149,20075,864,656,353490061561268,www.unige.ch,Http,"[764,48,48]",48.0,MOBILE,UMTS,Orange CH,[1211014],0,[-69],-69.0,1211014,6001,3,228
1431458925190,21174,1184,968,353490061561268,www.unige.ch,Http,"[29,29,29]",29.0,MOBILE,UMTS,Orange CH,[1211014],0,[-69],-69.0,1211014,6001,3,228
1431458984122,21049,1340,940,353490061561268,www.unige.ch,Http,"[30,43,43]",43.0,MOBILE,UMTS,Orange CH,[1211014],0,[-69],-69.0,1211014,6001,3,228
1431459060139,20076,864,656,353490061561268,www.unige.ch,Http,"[671,48,49]",49.0,MOBILE,UMTS,Orange CH,[1211014],0,[-69],-69.0,1211014,6001,3,228
1431459120168,20164,5748,15102,353490061561268,www.unige.ch,Http,"[779,59,64]",64.0,MOBILE,UMTS,Orange CH,[1211014],0,[-69],-69.0,1211014,6001,3,228
1431459201136,20075,1072,870,353490061561268,www.unige.ch,Http,"[59,41,42]",42.0,MOBILE,UMTS,Orange CH,[1211014],0,[-69],-69.0,1211014,6001,3,228
1431459261239,20082,2614,2469,353490061561268,www.unige.ch,Http,"[827,79,83]",83.0,MOBILE,UMTS,Orange CH,[1211014],0,[-69],-69.0,1211014,6001,3,228
1431459336263,21155,3425,1658,353490061561268,www.unige.ch,Http,"[41,38,47]",41.0,MOBILE,UMTS,Orange CH,[1211014],0,[-69],-69.0,1211014,6001,3,228
1431459397349,21147,5245,9760,353490061561268,www.unige.ch,Http,"[55,52,59]",55.0,MOBILE,UMTS,Orange CH,[1211014],0,[-69],-69.0,1211014,6001,3,228
1431459480251,20075,864,656,353490061561268,www.unige.ch,Http,"[803,59,77]",77.0,MOBILE,UMTS,Orange CH,[1211014],0,[-69],-69.0,1211014,6001,3,228
1431459541156,21197,1244,818,353490061561268,www.unige.ch,Http,"[71,83,73]",73.0,MOBILE,UMTS,Orange CH,[1211014],0,[-69],-69.0,1211014,6001,3,228
1431459622151,21187,3755,6507,353490061561268,www.unige.ch,Http,"[43,30,36]",36.0,MOBILE,UMTS,Orange CH,[1211014],0,[-69],-69.0,1211014,6001,3,228
1431459682227,20072,1079,1342,353490061561268,www.unige.ch,Http,"[805,73,80]",80.0,MOBILE,UMTS,Orange CH,[1211014],0,[-69],-69.0,1211014,6001,3,228
1431459756254,21171,864,500,353490061561268,www.unige.ch,Http,"[654,52,37]",52.0,MOBILE,UMTS,Orange CH,[1211014],0,[-69],-69.0,1211014,6001,3,228
1431459816388,20067,968,760,353490061561268,www.unige.ch,Http,"[817,78,76]",78.0,MOBILE,UMTS,Orange CH,[1211014],0,[-69],-69.0,1211014,6001,3,228
1431459876498,21152,1537,1613,353490061561268,www.unige.ch,Http,"[692,57,33]",57.0,MOBILE,UMTS,Orange CH,[1211014],0,[-69],-69.0,1211014,6001,3,228
1431459937151,21165,928,704,353490061561268,www.unige.ch,Http,"[560,39,49]",49.0,MOBILE,UMTS,Orange CH,[1211014],0,[-69],-69.0,1211014,6001,3,228
1431460003169,21205,864,656,353490061561268,www.unige.ch,Http,"[843,66,69]",69.0,MOBILE,UMTS,Orange CH,[1211014],0,[-69],-69.0,1211014,6001,3,228
1431460068181,20077,2190,2049,353490061561268,www.unige.ch,Http,"[730,39,51]",51.0,MOBILE,UMTS,Orange CH,[1211014],0,[-69],-69.0,1211014,6001,3,228
1431460128212,20072,864,656,353490061561268,www.unige.ch,Http,"[732,48,55]",55.0,MOBILE,UMTS,Orange CH,[1211014],0,[-69],-69.0,1211014,6001,3,228
1431460188262,21099,864,656,353490061561268,www.unige.ch,Http,"[829,41,42]",42.0,MOBILE,UMTS,Orange CH,[1211014],0,[-69],-69.0,1211014,6001,3,228
1431460260131,20092,4288,3510,353490061561268,www.unige.ch,Http,"[80,87,38]",80.0,MOBILE,UMTS,Orange CH,[1211014],0,[-69],-69.0,1211014,6001,3,228
1431460336172,21204,1113,604,353490061561268,www.unige.ch,Http,"[29,29,29]",29.0,MOBILE,UMTS,Orange CH,[1211014],0,[-69],-69.0,1211014,6001,3,228
1431460396182,20080,1661,1210,353490061561268,www.unige.ch,Http,"[42,31,37]",37.0,MOBILE,UMTS,Orange CH,[1211014],0,[-69],-69.0,1211014,6001,3,228
1431460469269,20095,978,696,353490061561268,www.unige.ch,Http,"[824,84,80]",84.0,MOBILE,UMTS,Orange CH,[1211014],0,[-69],-69.0,1211014,6001,3,228
1431460529266,20029,36109,10725,353490061561268,www.unige.ch,Http,"[678,45,43]",45.0,MOBILE,UMTS,Orange CH,[1211014],0,[-69],-69.0,1211014,6001,3,228
1431460589528,20076,864,656,353490061561268,www.unige.ch,Http,"[731,46,38]",46.0,MOBILE,UMTS,Orange CH,[1211014],0,[-69],-69.0,1211014,6001,3,228
1431419482499,20069,7090,4684,352136063160952,www.unige.ch,Http,"[5000,5000,4824]",5000.0,MOBILE,EDGE,Orange CH,"[11091,-1,1210738]",2,"[-105,85,-103,-103]",-103.0,1210738,6001,3,228
1431419542519,20074,12264,25941,352136063160952,www.unige.ch,Http,"[56,47,39]",47.0,MOBILE,UMTS,Orange CH,[1230738],0,[-93],-93.0,1230738,6001,3,228
1431419602690,20048,43624,101373,352136063160952,www.unige.ch,Http,"[512,204,110]",204.0,MOBILE,UMTS,Orange CH,"[1210738,1210738,1230738]",2,"[-107,-107,-113,-105,-107,-113,-111,-105]",-107.0,1230738,6001,3,228
1431421293468,20065,1040,796,352136063160952,www.unige.ch,Http,"[199,50,50]",50.0,MOBILE,UMTS,Orange CH,[1211185],0,[-105],-105.0,1211185,6001,3,228
1431421415476,20070,864,656,352136063160952,www.unige.ch,Http,"[909,56,42]",56.0,MOBILE,UMTS,Orange CH,[2147483647],0,[-91],-91.0,2147483647,6001,3,228
1431421594740,20017,1154,871,352136063160952,www.unige.ch,Http,"[249,280,258]",258.0,MOBILE,EDGE,Orange CH,[11111],0,[-93],-93.0,11111,6001,3,228
1431423628680,21228,3020,1746,352136063160952,www.unige.ch,Http,"[2419,1268,331]",1268.0,MOBILE,EDGE,Orange CH,[11111],0,[-101],-101.0,11111,6001,3,228
