1430813884368,5641,5000,2,228,-89,1,Sunrise,true,false
1430813884368,26813,5000,2,228,-99,1,Sunrise,false,false
1430813944413,5641,5000,2,228,-87,1,Sunrise,true,false
1430813944413,84,-1,2,228,-102,3,Sunrise,false,false
1430813944413,96,-1,2,228,-110,3,Sunrise,false,false
1430814004233,29027243,22300,2,228,-91,10,Sunrise,true,false
1430814004233,96,-1,2,228,-105,3,Sunrise,false,false
1430814064228,29027243,22300,2,228,-91,10,Sunrise,true,false
1430814064228,96,-1,2,228,-107,3,Sunrise,false,false
1430814124298,29027243,22300,2,228,-91,10,Sunrise,true,false
1430814124298,96,-1,2,228,-102,3,Sunrise,false,false
1430814184327,29027243,22300,2,228,-91,10,Sunrise,true,false
1430814184327,96,-1,2,228,-102,3,Sunrise,false,false
1430814244363,29027243,22300,2,228,-91,10,Sunrise,true,false
1430814244363,96,-1,2,228,-103,3,Sunrise,false,false
1430814304437,29027243,22300,2,228,-91,10,Sunrise,true,false
1430814304437,96,-1,2,228,-102,3,Sunrise,false,false
1430814364441,29027243,22300,2,228,-91,10,Sunrise,true,false
1430814364441,96,-1,2,228,-101,3,Sunrise,false,false
1430814438454,29027243,22300,2,228,-91,10,Sunrise,true,false
1430814438454,96,-1,2,228,-102,3,Sunrise,false,false
1430814535325,29027243,22300,2,228,-91,10,Sunrise,true,false
1430814535325,96,-1,2,228,-103,3,Sunrise,false,false
1430814622369,29027243,22300,2,228,-91,10,Sunrise,true,false
1430814622369,96,-1,2,228,-101,3,Sunrise,false,false
1430814682366,29027243,22300,2,228,-91,10,Sunrise,true,false
1430814682366,96,-1,2,228,-101,3,Sunrise,false,false
1430814742377,29027243,22300,2,228,-91,10,Sunrise,true,false
1430814742377,96,-1,2,228,-103,3,Sunrise,false,false
1430814802420,29027243,22300,2,228,-91,10,Sunrise,true,false
1430814802420,96,-1,2,228,-101,3,Sunrise,false,false
1430814862436,29027243,22300,2,228,-91,10,Sunrise,true,false
1430814862436,96,-1,2,228,-104,3,Sunrise,false,false
1430814929439,29027243,22300,2,228,-91,10,Sunrise,true,false
1430814929439,96,-1,2,228,-103,3,Sunrise,false,false
1430814989423,29027243,22300,2,228,-91,10,Sunrise,true,false
1430814989423,96,-1,2,228,-104,3,Sunrise,false,false
1430815049473,29027243,22300,2,228,-91,10,Sunrise,true,false
1430815049473,96,-1,2,228,-102,3,Sunrise,false,false
1430815109580,29027243,22300,2,228,-91,10,Sunrise,true,false
1430815109580,96,-1,2,228,-100,3,Sunrise,false,false
1430815418451,29027243,22300,2,228,-91,10,Sunrise,true,false
1430815418451,96,-1,2,228,-107,3,Sunrise,false,false
1430815499449,29027243,22300,2,228,-91,10,Sunrise,true,false
1430815499449,96,-1,2,228,-104,3,Sunrise,false,false
1430815559537,29027243,22300,2,228,-91,10,Sunrise,true,false
1430815559537,96,-1,2,228,-102,3,Sunrise,false,false
1430815778396,29027243,22300,2,228,-91,10,Sunrise,true,false
1430815778396,96,-1,2,228,-100,3,Sunrise,false,false
1430815838524,29027243,22300,2,228,-91,10,Sunrise,true,false
1430815838524,96,-1,2,228,-101,3,Sunrise,false,false
1430816138436,29027243,22300,2,228,-91,10,Sunrise,true,false
1430816138436,96,-1,2,228,-103,3,Sunrise,false,false
1430816198549,29027243,22300,2,228,-91,10,Sunrise,true,false
1430816198549,96,-1,2,228,-101,3,Sunrise,false,false
1430816498435,29027243,22300,2,228,-91,10,Sunrise,true,false
1430816498435,96,-1,2,228,-100,3,Sunrise,false,false
1430816558690,29027243,22300,2,228,-91,10,Sunrise,true,false
1430816558690,96,-1,2,228,-100,3,Sunrise,false,false
1430816857447,29027243,22300,2,228,-91,10,Sunrise,true,false
1430816857447,96,-1,2,228,-101,3,Sunrise,false,false
1430816917536,29027243,22300,2,228,-91,10,Sunrise,true,false
1430816917536,96,-1,2,228,-102,3,Sunrise,false,false
1430817218440,29027243,22300,2,228,-91,10,Sunrise,true,false
1430817218440,96,-1,2,228,-102,3,Sunrise,false,false
1430817278577,29027243,22300,2,228,-91,10,Sunrise,true,false
1430817278577,96,-1,2,228,-101,3,Sunrise,false,false
1430817349599,84,-1,-1,-1,-116,3,,false,false
1430817409964,96,-1,2,228,-111,3,Sunrise,false,false
1430817409964,84,-1,2,228,-112,3,Sunrise,false,false
1430817471018,29006180,22300,2,228,-97,10,Sunrise,true,false
1430817471018,84,-1,2,228,-104,3,Sunrise,false,false
1430817471018,96,-1,2,228,-116,3,Sunrise,false,false
1430817530325,29006180,22300,2,228,-97,10,Sunrise,true,false
1430817530325,84,-1,2,228,-116,3,Sunrise,false,false
1430817590365,29027243,22300,2,228,-97,10,Sunrise,true,false
1430817590365,96,-1,2,228,-112,3,Sunrise,false,false
1430817590365,84,-1,2,228,-113,3,Sunrise,false,false
1430817650415,29027243,22300,2,228,-97,10,Sunrise,true,false
1430817650415,96,-1,2,228,-105,3,Sunrise,false,false
1430817710454,29027243,22300,2,228,-97,10,Sunrise,true,false
1430817710454,96,-1,2,228,-113,3,Sunrise,false,false
1430817710454,84,-1,2,228,-114,3,Sunrise,false,false
1430817770608,29027243,22300,2,228,-97,10,Sunrise,true,false
1430817770608,96,-1,2,228,-105,3,Sunrise,false,false
1430817832341,29027243,22300,2,228,-97,10,Sunrise,true,false
1430817832341,84,-1,2,228,-106,3,Sunrise,false,false
1430817832341,96,-1,2,228,-116,3,Sunrise,false,false
1430817969385,29027243,22300,2,228,-97,10,Sunrise,true,false
1430817969385,84,-1,2,228,-108,3,Sunrise,false,false
1430817969385,96,-1,2,228,-114,3,Sunrise,false,false
1430818029467,29027243,22300,2,228,-97,10,Sunrise,true,false
1430818029467,84,-1,2,228,-106,3,Sunrise,false,false
1430818029467,96,-1,2,228,-112,3,Sunrise,false,false
1430818117496,29027243,22300,2,228,-97,10,Sunrise,true,false
1430818117496,84,-1,2,228,-106,3,Sunrise,false,false
1430818117496,96,-1,2,228,-111,3,Sunrise,false,false
1430818300370,29027243,22300,2,228,-97,10,Sunrise,true,false
1430818300370,84,-1,2,228,-112,3,Sunrise,false,false
1430818300370,96,-1,2,228,-116,3,Sunrise,false,false
1430818426380,29027243,22300,2,228,-97,10,Sunrise,true,false
1430818426380,84,-1,2,228,-111,3,Sunrise,false,false
1430818426380,96,-1,2,228,-113,3,Sunrise,false,false
1430818486477,29027243,22300,2,228,-97,10,Sunrise,true,false
1430818486477,84,-1,2,228,-111,3,Sunrise,false,false
1430818486477,96,-1,2,228,-116,3,Sunrise,false,false
1430818547287,29027243,22300,2,228,-97,10,Sunrise,true,false
1430818547287,84,-1,2,228,-111,3,Sunrise,false,false
1430818547287,96,-1,2,228,-116,3,Sunrise,false,false
1430818622436,29027243,22300,2,228,-97,10,Sunrise,true,false
1430818622436,84,-1,2,228,-111,3,Sunrise,false,false
1430818622436,96,-1,2,228,-116,3,Sunrise,false,false
1430818682503,29027243,22300,2,228,-97,10,Sunrise,true,false
1430818682503,84,-1,2,228,-112,3,Sunrise,false,false
1430818682503,96,-1,2,228,-116,3,Sunrise,false,false
1430818776373,29027243,22300,2,228,-97,10,Sunrise,true,false
1430818776373,84,-1,2,228,-116,3,Sunrise,false,false
1430818776373,96,-1,2,228,-116,3,Sunrise,false,false
1430818836487,29027243,22300,2,228,-97,10,Sunrise,true,false
1430818836487,84,-1,2,228,-108,3,Sunrise,false,false
1430818836487,96,-1,2,228,-116,3,Sunrise,false,false
1430819196456,29027243,22300,2,228,-97,10,Sunrise,true,false
1430819196456,84,-1,2,228,-110,3,Sunrise,false,false
1430819196456,96,-1,2,228,-116,3,Sunrise,false,false
1430819256550,29027243,22300,2,228,-97,10,Sunrise,true,false
1430819256550,84,-1,2,228,-112,3,Sunrise,false,false
1430819256550,96,-1,2,228,-115,3,Sunrise,false,false
1430819385547,29027243,22300,2,228,-97,10,Sunrise,true,false
1430819385547,84,-1,2,228,-111,3,Sunrise,false,false
1430819385547,96,-1,2,228,-113,3,Sunrise,false,false
1430819557474,29027243,22300,2,228,-97,10,Sunrise,true,false
1430819557474,84,-1,2,228,-112,3,Sunrise,false,false
1430819557474,96,-1,2,228,-115,3,Sunrise,false,false
1430819617546,29027243,22300,2,228,-97,10,Sunrise,true,false
1430819617546,84,-1,2,228,-116,3,Sunrise,false,false
1430819678421,84,-1,2,228,-115,3,Sunrise,false,false
1430819678421,96,-1,2,228,-116,3,Sunrise,false,false
1430819738625,96,-1,2,228,-111,3,Sunrise,false,false
1430819738625,84,-1,2,228,-112,3,Sunrise,false,false
1430819917429,84,-1,2,228,-110,3,Sunrise,false,false
1430819917429,96,-1,2,228,-114,3,Sunrise,false,false
1430819977665,96,-1,2,228,-110,3,Sunrise,false,false
1430820277487,96,-1,2,228,-116,3,Sunrise,false,false
1430820277487,84,-1,2,228,-116,3,Sunrise,false,false
1430820337573,96,-1,2,228,-108,3,Sunrise,false,false
1430820595446,90,-1,2,228,-65,3,Sunrise,false,false
1430820655677,82,-1,2,228,-85,3,Sunrise,false,false
1430820655677,202,-1,2,228,-105,3,Sunrise,false,false
1430820998476,82,-1,2,228,-88,3,Sunrise,false,false
1430820998476,84,-1,2,228,-101,3,Sunrise,false,false
1430821058952,82,-1,2,228,-93,3,Sunrise,false,false
1430821058952,202,-1,2,228,-104,3,Sunrise,false,false
1430821058952,84,-1,2,228,-103,3,Sunrise,false,false
1430821200444,82,-1,2,228,-88,3,Sunrise,false,false
1430821200444,84,-1,2,228,-105,3,Sunrise,false,false
1430821260511,82,-1,2,228,-89,3,Sunrise,false,false
1430821260511,202,-1,2,228,-100,3,Sunrise,false,false
1430821260511,84,-1,2,228,-98,3,Sunrise,false,false
1430821358429,82,-1,2,228,-91,3,Sunrise,false,false
1430821358429,202,-1,2,228,-99,3,Sunrise,false,false
1430821358429,84,-1,2,228,-101,3,Sunrise,false,false
1430821418540,82,-1,2,228,-93,3,Sunrise,false,false
1430821418540,84,-1,2,228,-102,3,Sunrise,false,false
1430821718575,82,-1,2,228,-94,3,Sunrise,false,false
1430821718575,202,-1,2,228,-99,3,Sunrise,false,false
1430821718575,84,-1,2,228,-100,3,Sunrise,false,false
1430821778662,90,-1,2,228,-82,3,Sunrise,false,false
1430822078473,90,-1,2,228,-80,3,Sunrise,false,false
1430822138569,90,-1,2,228,-79,3,Sunrise,false,false
1430822410435,82,-1,2,228,-96,3,Sunrise,false,false
1430822410435,202,-1,2,228,-103,3,Sunrise,false,false
1430822410435,84,-1,2,228,-104,3,Sunrise,false,false
1430822470536,90,-1,2,228,-86,3,Sunrise,false,false
1430822798444,82,-1,2,228,-92,3,Sunrise,false,false
1430822858535,82,-1,2,228,-94,3,Sunrise,false,false
1430822858535,202,-1,2,228,-109,3,Sunrise,false,false
1430822858535,84,-1,2,228,-98,3,Sunrise,false,false
1430823015441,90,-1,2,228,-87,3,Sunrise,false,false
1430823158476,90,-1,2,228,-83,3,Sunrise,false,false
1430823218583,90,-1,2,228,-84,3,Sunrise,false,false
1430823518446,90,-1,2,228,-82,3,Sunrise,false,false
1430823578624,90,-1,2,228,-83,3,Sunrise,false,false
1430823845555,84,-1,-1,-1,-116,3,,false,false
1430824098435,84,-1,2,228,-109,3,Sunrise,false,false
1430824098435,96,-1,2,228,-116,3,Sunrise,false,false
1430824225478,84,-1,2,228,-114,3,Sunrise,false,false
1430824225478,96,-1,2,228,-115,3,Sunrise,false,false
1430824285546,84,-1,2,228,-109,3,Sunrise,false,false
1430824285546,96,-1,2,228,-114,3,Sunrise,false,false
1430824598547,84,-1,2,228,-103,3,Sunrise,false,false
1430824598547,96,-1,2,228,-109,3,Sunrise,false,false
1430824658594,96,-1,2,228,-106,3,Sunrise,false,false
1430824800646,84,-1,2,228,-103,3,Sunrise,false,false
1430824800646,96,-1,2,228,-113,3,Sunrise,false,false
1430824958581,96,-1,2,228,-108,3,Sunrise,false,false
1430825018558,84,-1,2,228,-104,3,Sunrise,false,false
1430825018558,96,-1,2,228,-110,3,Sunrise,false,false
1430825318498,84,-1,2,228,-103,3,Sunrise,false,false
1430825318498,96,-1,2,228,-110,3,Sunrise,false,false
1430825378861,84,-1,2,228,-105,3,Sunrise,false,false
1430825378861,96,-1,2,228,-114,3,Sunrise,false,false
1430825678753,96,-1,2,228,-109,3,Sunrise,false,false
1430825738577,84,-1,2,228,-109,3,Sunrise,false,false
1430825738577,96,-1,2,228,-116,3,Sunrise,false,false
1430826038404,84,-1,2,228,-107,3,Sunrise,false,false
1430826038404,96,-1,2,228,-113,3,Sunrise,false,false
1430826098587,84,-1,2,228,-110,3,Sunrise,false,false
1430826098587,96,-1,2,228,-110,3,Sunrise,false,false
1430826299557,84,-1,2,228,-107,3,Sunrise,false,false
1430826299557,96,-1,2,228,-115,3,Sunrise,false,false
1430826359900,84,-1,2,228,-105,3,Sunrise,false,false
1430826359900,96,-1,2,228,-113,3,Sunrise,false,false
1430826645433,84,-1,2,228,-108,3,Sunrise,false,false
1430826645433,96,-1,2,228,-116,3,Sunrise,false,false
1430826705576,84,-1,2,228,-104,3,Sunrise,false,false
1430826705576,96,-1,2,228,-113,3,Sunrise,false,false
1430827065426,84,-1,2,228,-102,3,Sunrise,false,false
1430827250426,84,-1,2,228,-106,3,Sunrise,false,false
1430827250426,96,-1,2,228,-113,3,Sunrise,false,false
1430827310593,84,-1,2,228,-108,3,Sunrise,false,false
1430827310593,96,-1,2,228,-112,3,Sunrise,false,false
1430827478428,84,-1,2,228,-106,3,Sunrise,false,false
1430827478428,96,-1,2,228,-114,3,Sunrise,false,false
1430827538516,84,-1,2,228,-110,3,Sunrise,false,false
1430827538516,96,-1,2,228,-116,3,Sunrise,false,false
1430827734474,84,-1,2,228,-108,3,Sunrise,false,false
1430827734474,96,-1,2,228,-113,3,Sunrise,false,false
1430827838467,96,-1,2,228,-110,3,Sunrise,false,false
1430827898563,96,-1,2,228,-107,3,Sunrise,false,false
1430828198520,96,-1,2,228,-110,3,Sunrise,false,false
1430828278376,96,-1,2,228,-107,3,Sunrise,false,false
1430828338553,96,-1,2,228,-115,3,Sunrise,false,false
1430828338553,84,-1,2,228,-116,3,Sunrise,false,false
1430828400437,84,-1,2,228,-103,3,Sunrise,false,false
1430828400437,96,-1,2,228,-111,3,Sunrise,false,false
1430828460912,84,-1,2,228,-107,3,Sunrise,false,false
1430828557518,84,-1,2,228,-106,3,Sunrise,false,false
1430828557518,96,-1,2,228,-112,3,Sunrise,false,false
1430828617555,84,-1,2,228,-104,3,Sunrise,false,false
1430828617555,96,-1,2,228,-115,3,Sunrise,false,false
1430828918426,84,-1,2,228,-108,3,Sunrise,false,false
1430828918426,96,-1,2,228,-115,3,Sunrise,false,false
1430828978518,84,-1,2,228,-110,3,Sunrise,false,false
1430828978518,96,-1,2,228,-114,3,Sunrise,false,false
1430829065419,84,-1,2,228,-105,3,Sunrise,false,false
1430829125516,84,-1,2,228,-107,3,Sunrise,false,false
1430829125516,96,-1,2,228,-109,3,Sunrise,false,false
1430829278456,84,-1,2,228,-108,3,Sunrise,false,false
1430829278456,96,-1,2,228,-112,3,Sunrise,false,false
1430829338522,96,-1,2,228,-109,3,Sunrise,false,false
1430829338522,84,-1,2,228,-109,3,Sunrise,false,false
1430829540491,84,-1,2,228,-109,3,Sunrise,false,false
1430829540491,96,-1,2,228,-116,3,Sunrise,false,false
1430829600624,84,-1,2,228,-111,3,Sunrise,false,false
1430829600624,96,-1,2,228,-116,3,Sunrise,false,false
1430829670428,84,-1,2,228,-111,3,Sunrise,false,false
1430829670428,96,-1,2,228,-115,3,Sunrise,false,false
1430829730536,84,-1,2,228,-112,3,Sunrise,false,false
1430829730536,96,-1,2,228,-114,3,Sunrise,false,false
1430829998456,84,-1,2,228,-109,3,Sunrise,false,false
1430829998456,96,-1,2,228,-112,3,Sunrise,false,false
1430830058559,84,-1,2,228,-114,3,Sunrise,false,false
1430830058559,96,-1,2,228,-116,3,Sunrise,false,false
1430830275514,84,-1,2,228,-105,3,Sunrise,false,false
1430830275514,96,-1,2,228,-113,3,Sunrise,false,false
1430830275514,90,-1,2,228,-116,3,Sunrise,false,false
1430830358350,84,-1,2,228,-104,3,Sunrise,false,false
1430830358350,96,-1,2,228,-113,3,Sunrise,false,false
1430830358350,90,-1,2,228,-116,3,Sunrise,false,false
1430830418539,84,-1,2,228,-107,3,Sunrise,false,false
1430830418539,96,-1,2,228,-112,3,Sunrise,false,false
1430830418539,90,-1,2,228,-116,3,Sunrise,false,false
1430830719396,84,-1,2,228,-106,3,Sunrise,false,false
1430830719396,96,-1,2,228,-113,3,Sunrise,false,false
1430830719396,90,-1,2,228,-116,3,Sunrise,false,false
1430830881458,84,-1,2,228,-101,3,Sunrise,false,false
1430830881458,96,-1,2,228,-110,3,Sunrise,false,false
1430830881458,90,-1,2,228,-114,3,Sunrise,false,false
1430830941601,84,-1,2,228,-106,3,Sunrise,false,false
1430830941601,96,-1,2,228,-116,3,Sunrise,false,false
1430830941601,90,-1,2,228,-116,3,Sunrise,false,false
1430831079410,84,-1,2,228,-103,3,Sunrise,false,false
1430831439573,84,-1,2,228,-104,3,Sunrise,false,false
1430831439573,96,-1,2,228,-116,3,Sunrise,false,false
1430831799466,84,-1,2,228,-111,3,Sunrise,false,false
1430831799466,96,-1,2,228,-114,3,Sunrise,false,false
1430831799466,90,-1,2,228,-116,3,Sunrise,false,false
1430831859576,84,-1,2,228,-105,3,Sunrise,false,false
1430831859576,96,-1,2,228,-111,3,Sunrise,false,false
1430831859576,90,-1,2,228,-116,3,Sunrise,false,false
1430832000464,84,-1,2,228,-105,3,Sunrise,false,false
1430832000464,96,-1,2,228,-114,3,Sunrise,false,false
1430832000464,90,-1,2,228,-116,3,Sunrise,false,false
1430832060596,84,-1,2,228,-105,3,Sunrise,false,false
1430832060596,96,-1,2,228,-109,3,Sunrise,false,false
1430832060596,90,-1,2,228,-116,3,Sunrise,false,false
1430832159447,84,-1,2,228,-104,3,Sunrise,false,false
1430832159447,96,-1,2,228,-115,3,Sunrise,false,false
1430832159447,90,-1,2,228,-116,3,Sunrise,false,false
1430832219695,84,-1,2,228,-106,3,Sunrise,false,false
1430832219695,96,-1,2,228,-116,3,Sunrise,false,false
1430832219695,90,-1,2,228,-116,3,Sunrise,false,false
1430832519424,84,-1,2,228,-105,3,Sunrise,false,false
1430832579550,84,-1,2,228,-106,3,Sunrise,false,false
1430832696448,96,-1,2,228,-109,3,Sunrise,false,false
1430832696448,90,-1,2,228,-116,3,Sunrise,false,false
1430832756570,84,-1,2,228,-105,3,Sunrise,false,false
1430832756570,96,-1,2,228,-110,3,Sunrise,false,false
1430832756570,90,-1,2,228,-116,3,Sunrise,false,false
1430832879447,96,-1,2,228,-109,3,Sunrise,false,false
1430832879447,90,-1,2,228,-116,3,Sunrise,false,false
1430832939568,96,-1,2,228,-109,3,Sunrise,false,false
1430832939568,90,-1,2,228,-116,3,Sunrise,false,false
1430833112536,84,-1,2,228,-102,3,Sunrise,false,false
1430833112536,96,-1,2,228,-111,3,Sunrise,false,false
1430833112536,90,-1,2,228,-116,3,Sunrise,false,false
1430833172536,84,-1,2,228,-102,3,Sunrise,false,false
1430833172536,96,-1,2,228,-111,3,Sunrise,false,false
1430833172536,90,-1,2,228,-116,3,Sunrise,false,false
1430833239405,84,-1,2,228,-101,3,Sunrise,false,false
1430833239405,96,-1,2,228,-111,3,Sunrise,false,false
1430833239405,90,-1,2,228,-116,3,Sunrise,false,false
1430833299516,96,-1,2,228,-106,3,Sunrise,false,false
1430833499440,96,-1,2,228,-107,3,Sunrise,false,false
1430833499440,90,-1,2,228,-116,3,Sunrise,false,false
1430833559535,96,-1,2,228,-107,3,Sunrise,false,false
1430833559535,90,-1,2,228,-116,3,Sunrise,false,false
1430833906446,84,-1,2,228,-115,3,Sunrise,false,false
1430833906446,96,-1,2,228,-116,3,Sunrise,false,false
1430833906446,90,-1,2,228,-116,3,Sunrise,false,false
1430833966542,84,-1,2,228,-104,3,Sunrise,false,false
1430833966542,96,-1,2,228,-111,3,Sunrise,false,false
1430833966542,90,-1,2,228,-116,3,Sunrise,false,false
1430834319462,96,-1,2,228,-109,3,Sunrise,false,false
1430834379555,84,-1,2,228,-110,3,Sunrise,false,false
1430834379555,96,-1,2,228,-116,3,Sunrise,false,false
1430834511456,84,-1,2,228,-104,3,Sunrise,false,false
1430834511456,96,-1,2,228,-116,3,Sunrise,false,false
1430834571647,84,-1,2,228,-113,3,Sunrise,false,false
1430834571647,96,-1,2,228,-116,3,Sunrise,false,false
1430834679433,84,-1,2,228,-107,3,Sunrise,false,false
1430834679433,96,-1,2,228,-114,3,Sunrise,false,false
1430834679433,90,-1,2,228,-116,3,Sunrise,false,false
1430834739556,84,-1,2,228,-107,3,Sunrise,false,false
1430834739556,96,-1,2,228,-116,3,Sunrise,false,false
1430835039505,84,-1,2,228,-109,3,Sunrise,false,false
1430835039505,96,-1,2,228,-115,3,Sunrise,false,false
1430835039505,90,-1,2,228,-116,3,Sunrise,false,false
1430835099576,84,-1,2,228,-109,3,Sunrise,false,false
1430835099576,96,-1,2,228,-113,3,Sunrise,false,false
1430835099576,90,-1,2,228,-116,3,Sunrise,false,false
1430835399445,84,-1,2,228,-110,3,Sunrise,false,false
1430835399445,96,-1,2,228,-116,3,Sunrise,false,false
1430835399445,90,-1,2,228,-116,3,Sunrise,false,false
1430835459628,26813,5000,2,228,-109,1,Sunrise,false,false
1430835600458,96,-1,2,228,-109,3,Sunrise,false,false
1430835600458,90,-1,2,228,-116,3,Sunrise,false,false
1430835660676,96,-1,2,228,-107,3,Sunrise,false,false
1430835660676,90,-1,2,228,-116,3,Sunrise,false,false
1430835720889,84,-1,2,228,-106,3,Sunrise,false,false
1430835720889,96,-1,2,228,-115,3,Sunrise,false,false
1430835720889,90,-1,2,228,-116,3,Sunrise,false,false
1430836080484,84,-1,2,228,-106,3,Sunrise,false,false
1430836080484,96,-1,2,228,-113,3,Sunrise,false,false
1430836080484,90,-1,2,228,-116,3,Sunrise,false,false
1430836326503,84,-1,2,228,-106,3,Sunrise,false,false
1430836326503,96,-1,2,228,-112,3,Sunrise,false,false
1430836326503,90,-1,2,228,-116,3,Sunrise,false,false
1430836386556,84,-1,2,228,-106,3,Sunrise,false,false
1430836386556,96,-1,2,228,-112,3,Sunrise,false,false
1430836386556,90,-1,2,228,-116,3,Sunrise,false,false
1430836479390,84,-1,2,228,-111,3,Sunrise,false,false
1430836479390,96,-1,2,228,-116,3,Sunrise,false,false
1430836479390,90,-1,2,228,-116,3,Sunrise,false,false
1430836539575,84,-1,2,228,-106,3,Sunrise,false,false
1430836539575,96,-1,2,228,-112,3,Sunrise,false,false
1430836839531,96,-1,2,228,-107,3,Sunrise,false,false
1430836839531,90,-1,2,228,-116,3,Sunrise,false,false
1430836931422,84,-1,2,228,-106,3,Sunrise,false,false
1430836931422,96,-1,2,228,-116,3,Sunrise,false,false
1430836931422,90,-1,2,228,-116,3,Sunrise,false,false
1430836991547,84,-1,2,228,-108,3,Sunrise,false,false
1430836991547,96,-1,2,228,-116,3,Sunrise,false,false
1430836991547,90,-1,2,228,-116,3,Sunrise,false,false
1430837199405,84,-1,2,228,-114,3,Sunrise,false,false
1430837199405,96,-1,2,228,-116,3,Sunrise,false,false
1430837259529,84,-1,2,228,-109,3,Sunrise,false,false
1430837259529,96,-1,2,228,-111,3,Sunrise,false,false
1430837259529,90,-1,2,228,-116,3,Sunrise,false,false
1430837536538,84,-1,2,228,-106,3,Sunrise,false,false
1430837536538,96,-1,2,228,-114,3,Sunrise,false,false
1430837536538,90,-1,2,228,-116,3,Sunrise,false,false
1430837896453,84,-1,2,228,-101,3,Sunrise,false,false
1430837896453,96,-1,2,228,-114,3,Sunrise,false,false
1430837896453,90,-1,2,228,-116,3,Sunrise,false,false
1430837956599,84,-1,2,228,-104,3,Sunrise,false,false
1430837956599,96,-1,2,228,-115,3,Sunrise,false,false
1430837956599,90,-1,2,228,-116,3,Sunrise,false,false
1430838141503,84,-1,2,228,-107,3,Sunrise,false,false
1430838141503,96,-1,2,228,-116,3,Sunrise,false,false
1430838141503,90,-1,2,228,-116,3,Sunrise,false,false
1430838201544,84,-1,2,228,-104,3,Sunrise,false,false
1430838201544,96,-1,2,228,-115,3,Sunrise,false,false
1430838201544,90,-1,2,228,-116,3,Sunrise,false,false
1430838279431,84,-1,2,228,-110,3,Sunrise,false,false
1430838279431,96,-1,2,228,-116,3,Sunrise,false,false
1430838279431,90,-1,2,228,-116,3,Sunrise,false,false
1430838339571,84,-1,2,228,-109,3,Sunrise,false,false
1430838339571,96,-1,2,228,-113,3,Sunrise,false,false
1430838566507,84,-1,2,228,-105,3,Sunrise,false,false
1430838566507,96,-1,2,228,-112,3,Sunrise,false,false
1430838566507,90,-1,2,228,-116,3,Sunrise,false,false
1430838626616,84,-1,2,228,-106,3,Sunrise,false,false
1430838626616,96,-1,2,228,-111,3,Sunrise,false,false
1430838626616,90,-1,2,228,-116,3,Sunrise,false,false
1430838746647,84,-1,2,228,-112,3,Sunrise,false,false
1430838746647,96,-1,2,228,-116,3,Sunrise,false,false
1430838806645,84,-1,2,228,-109,3,Sunrise,false,false
1430838806645,96,-1,2,228,-112,3,Sunrise,false,false
1430838806645,90,-1,2,228,-116,3,Sunrise,false,false
1430838999489,96,-1,2,228,-110,3,Sunrise,false,false
1430838999489,90,-1,2,228,-116,3,Sunrise,false,false
1430839059754,84,-1,2,228,-113,3,Sunrise,false,false
1430839059754,96,-1,2,228,-116,3,Sunrise,false,false
1430839200415,84,-1,2,228,-105,3,Sunrise,false,false
1430839200415,96,-1,2,228,-112,3,Sunrise,false,false
1430839200415,90,-1,2,228,-116,3,Sunrise,false,false
1430839351536,84,-1,2,228,-106,3,Sunrise,false,false
1430839351536,96,-1,2,228,-116,3,Sunrise,false,false
1430839351536,90,-1,2,228,-116,3,Sunrise,false,false
1430839711477,84,-1,2,228,-105,3,Sunrise,false,false
1430839711477,96,-1,2,228,-113,3,Sunrise,false,false
1430839711477,90,-1,2,228,-116,3,Sunrise,false,false
1430839771573,84,-1,2,228,-102,3,Sunrise,false,false
1430839771573,96,-1,2,228,-110,3,Sunrise,false,false
1430839771573,90,-1,2,228,-116,3,Sunrise,false,false
1430839956456,84,-1,2,228,-107,3,Sunrise,false,false
1430839956456,96,-1,2,228,-112,3,Sunrise,false,false
1430839956456,90,-1,2,228,-116,3,Sunrise,false,false
1430840016569,84,-1,2,228,-106,3,Sunrise,false,false
1430840016569,96,-1,2,228,-114,3,Sunrise,false,false
1430840016569,90,-1,2,228,-116,3,Sunrise,false,false
1430840079396,84,-1,2,228,-111,3,Sunrise,false,false
1430840079396,96,-1,2,228,-116,3,Sunrise,false,false
1430840139556,84,-1,2,228,-109,3,Sunrise,false,false
1430840139556,96,-1,2,228,-116,3,Sunrise,false,false
1430840139556,90,-1,2,228,-116,3,Sunrise,false,false
1430840439448,84,-1,2,228,-106,3,Sunrise,false,false
1430840439448,96,-1,2,228,-113,3,Sunrise,false,false
1430840499543,84,-1,2,228,-108,3,Sunrise,false,false
1430840499543,96,-1,2,228,-116,3,Sunrise,false,false
1430840561417,84,-1,2,228,-112,3,Sunrise,false,false
1430840561417,96,-1,2,228,-116,3,Sunrise,false,false
1430840621567,84,-1,2,228,-106,3,Sunrise,false,false
1430840621567,96,-1,2,228,-112,3,Sunrise,false,false
1430840799446,96,-1,2,228,-109,3,Sunrise,false,false
1430840859568,96,-1,2,228,-108,3,Sunrise,false,false
1430840859568,90,-1,2,228,-116,3,Sunrise,false,false
1430841134550,96,-1,-1,-1,-116,3,,false,false
1430841494469,251,-1,2,228,-91,3,Sunrise,false,false
1430841494469,112,-1,2,228,-107,3,Sunrise,false,false
1430841494469,64,-1,2,228,-107,3,Sunrise,false,false
1430841771558,107,-1,2,228,-73,3,Sunrise,false,false
1430841831587,107,-1,2,228,-91,3,Sunrise,false,false
1430841831587,198,-1,2,228,-102,3,Sunrise,false,false
1430841966560,19661,5000,2,228,-97,1,Sunrise,false,false
1430841966560,26161,5000,2,228,-103,1,Sunrise,false,false
1430841966560,12812,5000,2,228,-103,1,Sunrise,false,false
1430841966560,13392,5000,2,228,-107,1,Sunrise,false,false
1430842205445,12811,5000,2,228,-105,1,Sunrise,false,false
1430842205445,26161,5000,2,228,-107,1,Sunrise,false,false
1430842205445,13392,5000,2,228,-109,1,Sunrise,false,false
1430842205445,12812,5000,2,228,-109,1,Sunrise,false,false
1430842265545,13392,5000,2,228,-105,1,Sunrise,false,false
1430842265545,26161,5000,2,228,-107,1,Sunrise,false,false
1430842265545,12811,5000,2,228,-107,1,Sunrise,false,false
1430842265545,12812,5000,2,228,-107,1,Sunrise,false,false
1430842265545,16029,5000,2,228,-109,1,Sunrise,false,false
1430842376392,161,-1,2,228,-116,3,Sunrise,false,false
1430842436669,161,-1,2,228,-113,3,Sunrise,false,false
1430842436669,229,-1,2,228,-116,3,Sunrise,false,false
1430842436669,107,-1,2,228,-116,3,Sunrise,false,false
1430842436669,198,-1,2,228,-116,3,Sunrise,false,false
1430842599416,81,-1,2,228,-116,3,Sunrise,false,false
1430842599416,161,-1,2,228,-116,3,Sunrise,false,false
1430842659653,19661,5000,2,228,-103,1,Sunrise,false,false
1430842838535,12812,5000,2,228,-101,1,Sunrise,false,false
1430842838535,13392,5000,2,228,-109,1,Sunrise,false,false
1430842959408,12812,5000,2,228,-105,1,Sunrise,false,false
1430842959408,12811,5000,2,228,-109,1,Sunrise,false,false
1430843046660,134,-1,2,228,-69,3,Sunrise,false,false
1430843319441,0,-1,2,228,-97,3,Sunrise,false,false
1430843379456,21901,5000,2,228,-105,1,Sunrise,false,false
1430843520589,21511,5000,2,228,-87,1,Sunrise,false,false
1430843520589,21901,5000,2,228,-89,1,Sunrise,false,false
1430843520589,21502,5000,2,228,-91,1,Sunrise,false,false
1430843520589,21902,5000,2,228,-95,1,Sunrise,false,false
1430843520589,19961,5000,2,228,-97,1,Sunrise,false,false
1430843641752,21902,5000,2,228,-103,1,Sunrise,false,false
1430843641752,26162,5000,2,228,-105,1,Sunrise,false,false
1430843641752,21581,5000,2,228,-107,1,Sunrise,false,false
1430843641752,21501,5000,2,228,-109,1,Sunrise,false,false
1430843641752,21503,5000,2,228,-109,1,Sunrise,false,false
1430843641752,12811,5000,2,228,-111,1,Sunrise,false,false
1430843763445,21902,5000,2,228,-103,1,Sunrise,false,false
1430843763445,21581,5000,2,228,-107,1,Sunrise,false,false
1430843763445,21501,5000,2,228,-107,1,Sunrise,false,false
1430843823452,21501,5000,2,228,-99,1,Sunrise,true,false
1430843823452,21501,5000,2,228,-99,1,Sunrise,true,false
1430843823452,21902,5000,2,228,-99,1,Sunrise,false,false
1430843823452,21581,5000,2,228,-101,1,Sunrise,false,false
1430843883466,21901,5000,2,228,-97,1,Sunrise,true,false
1430843883466,21901,5000,2,228,-95,1,Sunrise,false,false
1430843883466,21581,5000,2,228,-101,1,Sunrise,false,false
1430843883466,21501,5000,2,228,-107,1,Sunrise,false,false
1430843883466,21503,5000,2,228,-107,1,Sunrise,false,false
1430843948298,21901,5000,2,228,-97,1,Sunrise,true,false
1430844008446,21901,5000,2,228,-97,1,Sunrise,true,false
1430844008446,21901,5000,2,228,-99,1,Sunrise,false,false
1430844008446,21581,5000,2,228,-101,1,Sunrise,false,false
1430844008446,21501,5000,2,228,-103,1,Sunrise,false,false
1430844008446,26162,5000,2,228,-107,1,Sunrise,false,false
1430844077310,21901,5000,2,228,-97,1,Sunrise,true,false
1430844077310,21581,5000,2,228,-101,1,Sunrise,false,false
1430844077310,21901,5000,2,228,-101,1,Sunrise,false,false
1430844077310,21501,5000,2,228,-105,1,Sunrise,false,false
1430844077310,26162,5000,2,228,-107,1,Sunrise,false,false
1430844137514,21901,5000,2,228,-97,1,Sunrise,true,false
1430844137514,21901,5000,2,228,-97,1,Sunrise,false,false
1430844137514,21501,5000,2,228,-99,1,Sunrise,false,false
1430844137514,21581,5000,2,228,-105,1,Sunrise,false,false
1430844137514,26162,5000,2,228,-107,1,Sunrise,false,false
1430844197862,21901,5000,2,228,-97,1,Sunrise,true,false
1430844197862,21901,5000,2,228,-95,1,Sunrise,false,false
1430844197862,21501,5000,2,228,-103,1,Sunrise,false,false
1430844197862,21581,5000,2,228,-105,1,Sunrise,false,false
1430844197862,26162,5000,2,228,-105,1,Sunrise,false,false
1430844197862,21511,5000,2,228,-109,1,Sunrise,false,false
1430844300382,21901,5000,2,228,-97,1,Sunrise,true,false
1430844300382,21901,5000,2,228,-95,1,Sunrise,false,false
1430844300382,21501,5000,2,228,-103,1,Sunrise,false,false
1430844300382,21581,5000,2,228,-105,1,Sunrise,false,false
1430844300382,19961,5000,2,228,-107,1,Sunrise,false,false
1430844362333,21901,5000,2,228,-97,1,Sunrise,true,false
1430844362333,21901,5000,2,228,-97,1,Sunrise,false,false
1430844362333,21581,5000,2,228,-101,1,Sunrise,false,false
1430844362333,21501,5000,2,228,-105,1,Sunrise,false,false
1430844362333,19961,5000,2,228,-107,1,Sunrise,false,false
1430844362333,21511,5000,2,228,-107,1,Sunrise,false,false
1430844422446,21901,5000,2,228,-97,1,Sunrise,true,false
1430844422446,21901,5000,2,228,-97,1,Sunrise,false,false
1430844422446,21581,5000,2,228,-101,1,Sunrise,false,false
1430844422446,21501,5000,2,228,-103,1,Sunrise,false,false
1430844422446,19961,5000,2,228,-107,1,Sunrise,false,false
1430844422446,21511,5000,2,228,-107,1,Sunrise,false,false
1430844492298,21901,5000,2,228,-97,1,Sunrise,true,false
1430844492298,21901,5000,2,228,-97,1,Sunrise,false,false
1430844492298,21501,5000,2,228,-101,1,Sunrise,false,false
1430844492298,21581,5000,2,228,-105,1,Sunrise,false,false
1430844492298,19961,5000,2,228,-107,1,Sunrise,false,false
1430844552436,21901,5000,2,228,-97,1,Sunrise,true,false
1430844552436,21902,5000,2,228,-93,1,Sunrise,false,false
1430844552436,21501,5000,2,228,-99,1,Sunrise,false,false
1430844552436,19661,5000,2,228,-103,1,Sunrise,false,false
1430844552436,21581,5000,2,228,-105,1,Sunrise,false,false
1430844552436,19961,5000,2,228,-107,1,Sunrise,false,false
1430844623390,21901,5000,2,228,-97,1,Sunrise,true,false
1430844623390,21901,5000,2,228,-97,1,Sunrise,false,false
1430844623390,21501,5000,2,228,-99,1,Sunrise,false,false
1430844623390,21581,5000,2,228,-103,1,Sunrise,false,false
1430844623390,19961,5000,2,228,-107,1,Sunrise,false,false
1430844686287,21901,5000,2,228,-97,1,Sunrise,true,false
1430844686287,21901,5000,2,228,-97,1,Sunrise,false,false
1430844686287,21501,5000,2,228,-99,1,Sunrise,false,false
1430844686287,21581,5000,2,228,-103,1,Sunrise,false,false
1430844686287,19961,5000,2,228,-107,1,Sunrise,false,false
1430844746470,21901,5000,2,228,-97,1,Sunrise,true,false
1430844746470,21901,5000,2,228,-95,1,Sunrise,false,false
1430844746470,21501,5000,2,228,-99,1,Sunrise,false,false
1430844746470,21581,5000,2,228,-103,1,Sunrise,false,false
1430844746470,19961,5000,2,228,-105,1,Sunrise,false,false
1430844806481,21901,5000,2,228,-97,1,Sunrise,true,false
1430844806481,21901,5000,2,228,-95,1,Sunrise,false,false
1430844806481,21501,5000,2,228,-99,1,Sunrise,false,false
1430844806481,21581,5000,2,228,-103,1,Sunrise,false,false
1430844806481,19961,5000,2,228,-107,1,Sunrise,false,false
1430844866565,21901,5000,2,228,-97,1,Sunrise,true,false
1430844866565,21901,5000,2,228,-95,1,Sunrise,false,false
1430844866565,21501,5000,2,228,-99,1,Sunrise,false,false
1430844866565,19961,5000,2,228,-101,1,Sunrise,false,false
1430845226445,21901,5000,2,228,-97,1,Sunrise,true,false
1430845226445,21901,5000,2,228,-97,1,Sunrise,false,false
1430845226445,21501,5000,2,228,-99,1,Sunrise,false,false
1430845226445,21581,5000,2,228,-103,1,Sunrise,false,false
1430845226445,19961,5000,2,228,-105,1,Sunrise,false,false
1430845286633,21901,5000,2,228,-97,1,Sunrise,true,false
1430845286633,21901,5000,2,228,-99,1,Sunrise,false,false
1430845286633,21501,5000,2,228,-99,1,Sunrise,false,false
1430845286633,21581,5000,2,228,-103,1,Sunrise,false,false
1430845286633,19961,5000,2,228,-105,1,Sunrise,false,false
1430845465500,21901,5000,2,228,-97,1,Sunrise,true,false
1430845465500,21901,5000,2,228,-97,1,Sunrise,false,false
1430845465500,21501,5000,2,228,-99,1,Sunrise,false,false
1430845465500,21581,5000,2,228,-103,1,Sunrise,false,false
1430845465500,19961,5000,2,228,-105,1,Sunrise,false,false
1430845525562,21901,5000,2,228,-97,1,Sunrise,true,false
1430845525562,21901,5000,2,228,-97,1,Sunrise,false,false
1430845525562,21501,5000,2,228,-101,1,Sunrise,false,false
1430845525562,21581,5000,2,228,-103,1,Sunrise,false,false
1430845525562,19961,5000,2,228,-105,1,Sunrise,false,false
1430845636443,21901,5000,2,228,-97,1,Sunrise,true,false
1430845636443,21901,5000,2,228,-95,1,Sunrise,false,false
1430845636443,21501,5000,2,228,-97,1,Sunrise,false,false
1430845636443,21581,5000,2,228,-103,1,Sunrise,false,false
1430845636443,19961,5000,2,228,-107,1,Sunrise,false,false
1430845696546,21901,5000,2,228,-97,1,Sunrise,true,false
1430845696546,21901,5000,2,228,-95,1,Sunrise,false,false
1430845696546,21501,5000,2,228,-101,1,Sunrise,false,false
1430845696546,21581,5000,2,228,-103,1,Sunrise,false,false
1430845696546,19961,5000,2,228,-107,1,Sunrise,false,false
1430845997502,21901,5000,2,228,-97,1,Sunrise,true,false
1430845997502,21501,5000,2,228,-99,1,Sunrise,false,false
1430845997502,21901,5000,2,228,-101,1,Sunrise,false,false
1430845997502,21581,5000,2,228,-103,1,Sunrise,false,false
1430845997502,19961,5000,2,228,-107,1,Sunrise,false,false
1430846057614,21901,5000,2,228,-97,1,Sunrise,true,false
1430846057614,21501,5000,2,228,-99,1,Sunrise,false,false
1430846057614,21901,5000,2,228,-99,1,Sunrise,false,false
1430846057614,21581,5000,2,228,-107,1,Sunrise,false,false
1430846356485,21901,5000,2,228,-97,1,Sunrise,true,false
1430846356485,21901,5000,2,228,-101,1,Sunrise,false,false
1430846356485,21501,5000,2,228,-101,1,Sunrise,false,false
1430846356485,21581,5000,2,228,-103,1,Sunrise,false,false
1430846416567,21901,5000,2,228,-97,1,Sunrise,true,false
1430846416567,21901,5000,2,228,-101,1,Sunrise,false,false
1430846416567,21501,5000,2,228,-103,1,Sunrise,false,false
1430846416567,21581,5000,2,228,-103,1,Sunrise,false,false
1430846416567,19961,5000,2,228,-107,1,Sunrise,false,false
1430846476483,21901,5000,2,228,-97,1,Sunrise,true,false
1430846476483,21501,5000,2,228,-101,1,Sunrise,false,false
1430846476483,21581,5000,2,228,-101,1,Sunrise,false,false
1430846476483,21901,5000,2,228,-101,1,Sunrise,false,false
1430846476483,19961,5000,2,228,-107,1,Sunrise,false,false
1430846717425,21901,5000,2,228,-97,1,Sunrise,true,false
1430846717425,21501,5000,2,228,-99,1,Sunrise,false,false
1430846717425,21901,5000,2,228,-101,1,Sunrise,false,false
1430846717425,21581,5000,2,228,-103,1,Sunrise,false,false
1430846717425,19961,5000,2,228,-109,1,Sunrise,false,false
1430846777546,21901,5000,2,228,-97,1,Sunrise,true,false
1430846777546,21501,5000,2,228,-99,1,Sunrise,false,false
1430846777546,21901,5000,2,228,-101,1,Sunrise,false,false
1430846777546,21581,5000,2,228,-103,1,Sunrise,false,false
1430846777546,19961,5000,2,228,-109,1,Sunrise,false,false
1430847077594,21901,5000,2,228,-97,1,Sunrise,true,false
1430847077594,21901,5000,2,228,-99,1,Sunrise,false,false
1430847077594,21581,5000,2,228,-103,1,Sunrise,false,false
1430847077594,21501,5000,2,228,-103,1,Sunrise,false,false
1430847077594,19961,5000,2,228,-107,1,Sunrise,false,false
1430847437455,21901,5000,2,228,-97,1,Sunrise,true,false
1430847437455,21901,5000,2,228,-97,1,Sunrise,false,false
1430847437455,21501,5000,2,228,-101,1,Sunrise,false,false
1430847437455,21581,5000,2,228,-103,1,Sunrise,false,false
1430847437455,19961,5000,2,228,-107,1,Sunrise,false,false
1430847497577,21901,5000,2,228,-97,1,Sunrise,true,false
1430847497577,21901,5000,2,228,-99,1,Sunrise,false,false
1430847497577,21501,5000,2,228,-101,1,Sunrise,false,false
1430847497577,21581,5000,2,228,-107,1,Sunrise,false,false
1430847497577,19961,5000,2,228,-109,1,Sunrise,false,false
1430847687459,21901,5000,2,228,-97,1,Sunrise,true,false
1430847687459,21901,5000,2,228,-101,1,Sunrise,false,false
1430847687459,21501,5000,2,228,-101,1,Sunrise,false,false
1430847687459,21581,5000,2,228,-107,1,Sunrise,false,false
1430847687459,19961,5000,2,228,-107,1,Sunrise,false,false
1430847797466,21901,5000,2,228,-97,1,Sunrise,true,false
1430847797466,21901,5000,2,228,-99,1,Sunrise,false,false
1430847797466,21501,5000,2,228,-101,1,Sunrise,false,false
1430847797466,21581,5000,2,228,-105,1,Sunrise,false,false
1430847797466,19961,5000,2,228,-107,1,Sunrise,false,false
1430847857548,21901,5000,2,228,-97,1,Sunrise,true,false
1430847857548,21901,5000,2,228,-97,1,Sunrise,false,false
1430847857548,21501,5000,2,228,-101,1,Sunrise,false,false
1430847857548,19961,5000,2,228,-107,1,Sunrise,false,false
1430847857548,21581,5000,2,228,-107,1,Sunrise,false,false
1430848157474,21901,5000,2,228,-97,1,Sunrise,true,false
1430848157474,21901,5000,2,228,-97,1,Sunrise,false,false
1430848157474,21501,5000,2,228,-99,1,Sunrise,false,false
1430848157474,21581,5000,2,228,-107,1,Sunrise,false,false
1430848157474,19961,5000,2,228,-109,1,Sunrise,false,false
1430848217554,21901,5000,2,228,-97,1,Sunrise,true,false
1430848217554,21501,5000,2,228,-99,1,Sunrise,false,false
1430848217554,21901,5000,2,228,-101,1,Sunrise,false,false
1430848217554,21581,5000,2,228,-105,1,Sunrise,false,false
1430848217554,19961,5000,2,228,-107,1,Sunrise,false,false
1430848292446,21901,5000,2,228,-97,1,Sunrise,true,false
1430848292446,21501,5000,2,228,-97,1,Sunrise,false,false
1430848292446,21901,5000,2,228,-97,1,Sunrise,false,false
1430848292446,21581,5000,2,228,-105,1,Sunrise,false,false
1430848292446,19961,5000,2,228,-109,1,Sunrise,false,false
1430848517495,21901,5000,2,228,-97,1,Sunrise,true,false
1430848517495,21901,5000,2,228,-99,1,Sunrise,false,false
1430848517495,21501,5000,2,228,-99,1,Sunrise,false,false
1430848517495,21581,5000,2,228,-105,1,Sunrise,false,false
1430848517495,19961,5000,2,228,-109,1,Sunrise,false,false
1430848577564,21901,5000,2,228,-97,1,Sunrise,true,false
1430848577564,21901,5000,2,228,-99,1,Sunrise,false,false
1430848577564,21501,5000,2,228,-103,1,Sunrise,false,false
1430848577564,21581,5000,2,228,-107,1,Sunrise,false,false
1430848577564,19961,5000,2,228,-109,1,Sunrise,false,false
1430848877482,21901,5000,2,228,-97,1,Sunrise,true,false
1430848877482,21901,5000,2,228,-101,1,Sunrise,false,false
1430848877482,21581,5000,2,228,-103,1,Sunrise,false,false
1430848877482,21501,5000,2,228,-103,1,Sunrise,false,false
1430848877482,19961,5000,2,228,-105,1,Sunrise,false,false
1430848937531,21901,5000,2,228,-97,1,Sunrise,true,false
1430848937531,21901,5000,2,228,-101,1,Sunrise,false,false
1430848937531,21501,5000,2,228,-101,1,Sunrise,false,false
1430848937531,21581,5000,2,228,-103,1,Sunrise,false,false
1430848937531,19961,5000,2,228,-109,1,Sunrise,false,false
1430849237445,21901,5000,2,228,-97,1,Sunrise,true,false
1430849237445,21901,5000,2,228,-99,1,Sunrise,false,false
1430849237445,21581,5000,2,228,-101,1,Sunrise,false,false
1430849237445,21501,5000,2,228,-103,1,Sunrise,false,false
1430849237445,19961,5000,2,228,-107,1,Sunrise,false,false
1430849237445,13392,5000,2,228,-109,1,Sunrise,false,false
1430849297543,21901,5000,2,228,-97,1,Sunrise,true,false
1430849297543,21901,5000,2,228,-97,1,Sunrise,false,false
1430849297543,21581,5000,2,228,-101,1,Sunrise,false,false
1430849297543,21501,5000,2,228,-107,1,Sunrise,false,false
1430849297543,19961,5000,2,228,-107,1,Sunrise,false,false
1430849502445,21901,5000,2,228,-97,1,Sunrise,true,false
1430849502445,21581,5000,2,228,-101,1,Sunrise,false,false
1430849502445,21901,5000,2,228,-101,1,Sunrise,false,false
1430849502445,21501,5000,2,228,-101,1,Sunrise,false,false
1430849502445,19961,5000,2,228,-105,1,Sunrise,false,false
1430849562567,21901,5000,2,228,-97,1,Sunrise,true,false
1430849562567,21901,5000,2,228,-99,1,Sunrise,false,false
1430849562567,21581,5000,2,228,-101,1,Sunrise,false,false
1430849562567,21501,5000,2,228,-101,1,Sunrise,false,false
1430849562567,19961,5000,2,228,-105,1,Sunrise,false,false
1430849669457,21901,5000,2,228,-97,1,Sunrise,true,false
1430849669457,21581,5000,2,228,-97,1,Sunrise,false,false
1430849669457,21901,5000,2,228,-101,1,Sunrise,false,false
1430849669457,21501,5000,2,228,-103,1,Sunrise,false,false
1430849729577,21901,5000,2,228,-97,1,Sunrise,true,false
1430849729577,0,-1,2,228,-115,3,Sunrise,false,false
1430849815452,21901,5000,2,228,-97,1,Sunrise,true,false
1430849875722,21901,5000,2,228,-97,1,Sunrise,true,false
1430849875722,0,-1,2,228,-116,3,Sunrise,false,false
1430849957548,21901,5000,2,228,-97,1,Sunrise,true,false
1430849957548,21901,5000,2,228,-99,1,Sunrise,false,false
1430849957548,21581,5000,2,228,-101,1,Sunrise,false,false
1430849957548,21501,5000,2,228,-103,1,Sunrise,false,false
1430850107500,21901,5000,2,228,-97,1,Sunrise,true,false
1430850107500,21901,5000,2,228,-97,1,Sunrise,false,false
1430850107500,21501,5000,2,228,-101,1,Sunrise,false,false
1430850107500,21581,5000,2,228,-101,1,Sunrise,false,false
1430850107500,19961,5000,2,228,-103,1,Sunrise,false,false
1430850107500,26162,5000,2,228,-107,1,Sunrise,false,false
1430850167533,21901,5000,2,228,-97,1,Sunrise,true,false
1430850167533,21901,5000,2,228,-97,1,Sunrise,false,false
1430850167533,21581,5000,2,228,-101,1,Sunrise,false,false
1430850167533,21501,5000,2,228,-101,1,Sunrise,false,false
1430850167533,19961,5000,2,228,-103,1,Sunrise,false,false
1430850167533,26162,5000,2,228,-107,1,Sunrise,false,false
1430850316488,21901,5000,2,228,-97,1,Sunrise,true,false
1430850316488,21901,5000,2,228,-97,1,Sunrise,false,false
1430850316488,21501,5000,2,228,-99,1,Sunrise,false,false
1430850316488,21581,5000,2,228,-99,1,Sunrise,false,false
1430850316488,21511,5000,2,228,-103,1,Sunrise,false,false
1430850316488,26162,5000,2,228,-107,1,Sunrise,false,false
1430850316488,19961,5000,2,228,-107,1,Sunrise,false,false
1430850382532,21901,5000,2,228,-97,1,Sunrise,true,false
1430850382532,21501,5000,2,228,-97,1,Sunrise,false,false
1430850382532,21901,5000,2,228,-99,1,Sunrise,false,false
1430850382532,21581,5000,2,228,-101,1,Sunrise,false,false
1430850382532,26162,5000,2,228,-101,1,Sunrise,false,false
1430850442590,21901,5000,2,228,-97,1,Sunrise,true,false
1430850442590,21501,5000,2,228,-97,1,Sunrise,false,false
1430850442590,21901,5000,2,228,-97,1,Sunrise,false,false
1430850442590,21581,5000,2,228,-101,1,Sunrise,false,false
1430850442590,26162,5000,2,228,-103,1,Sunrise,false,false
1430850442590,19961,5000,2,228,-105,1,Sunrise,false,false
1430850442590,21511,5000,2,228,-109,1,Sunrise,false,false
1430850512427,21901,5000,2,228,-97,1,Sunrise,true,false
1430850512427,21901,5000,2,228,-95,1,Sunrise,false,false
1430850512427,21501,5000,2,228,-97,1,Sunrise,false,false
1430850512427,21581,5000,2,228,-101,1,Sunrise,false,false
1430850512427,26162,5000,2,228,-101,1,Sunrise,false,false
1430850512427,21511,5000,2,228,-105,1,Sunrise,false,false
1430850512427,19961,5000,2,228,-105,1,Sunrise,false,false
1430850677477,21901,5000,2,228,-97,1,Sunrise,true,false
1430850737534,21901,5000,2,228,-97,1,Sunrise,true,false
1430850817449,21901,5000,2,228,-97,1,Sunrise,true,false
1430850817449,21901,5000,2,228,-97,1,Sunrise,false,false
1430850817449,21501,5000,2,228,-97,1,Sunrise,false,false
1430850817449,26162,5000,2,228,-99,1,Sunrise,false,false
1430850817449,21581,5000,2,228,-101,1,Sunrise,false,false
1430850877556,21901,5000,2,228,-97,1,Sunrise,true,false
1430850877556,21901,5000,2,228,-97,1,Sunrise,false,false
1430850877556,21501,5000,2,228,-97,1,Sunrise,false,false
1430850877556,26162,5000,2,228,-101,1,Sunrise,false,false
1430850877556,21581,5000,2,228,-101,1,Sunrise,false,false
1430850877556,21511,5000,2,228,-101,1,Sunrise,false,false
1430850949443,21901,5000,2,228,-97,1,Sunrise,true,false
1430850949443,21501,5000,2,228,-97,1,Sunrise,false,false
1430850949443,21901,5000,2,228,-99,1,Sunrise,false,false
1430850949443,26162,5000,2,228,-101,1,Sunrise,false,false
1430850949443,21581,5000,2,228,-101,1,Sunrise,false,false
1430850949443,21572,5000,2,228,-101,1,Sunrise,false,false
1430850949443,21511,5000,2,228,-107,1,Sunrise,false,false
1430851009576,21901,5000,2,228,-97,1,Sunrise,true,false
1430851009576,21501,5000,2,228,-97,1,Sunrise,false,false
1430851009576,21901,5000,2,228,-99,1,Sunrise,false,false
1430851009576,26162,5000,2,228,-101,1,Sunrise,false,false
1430851009576,21581,5000,2,228,-101,1,Sunrise,false,false
1430851076417,21901,5000,2,228,-97,1,Sunrise,true,false
1430851144494,21901,5000,2,228,-97,1,Sunrise,true,false
1430851204465,21901,5000,2,228,-97,1,Sunrise,true,false
1430851204465,21901,5000,2,228,-99,1,Sunrise,false,false
1430851204465,21501,5000,2,228,-99,1,Sunrise,false,false
1430851204465,21581,5000,2,228,-99,1,Sunrise,false,false
1430851204465,26162,5000,2,228,-101,1,Sunrise,false,false
1430851271369,21901,5000,2,228,-97,1,Sunrise,true,false
1430851331539,21901,5000,2,228,-97,1,Sunrise,true,false
1430851331539,21901,5000,2,228,-95,1,Sunrise,false,false
1430851331539,21581,5000,2,228,-99,1,Sunrise,false,false
1430851331539,21501,5000,2,228,-99,1,Sunrise,false,false
1430851331539,26162,5000,2,228,-101,1,Sunrise,false,false
1430851331539,21511,5000,2,228,-103,1,Sunrise,false,false
1430851391580,21901,5000,2,228,-97,1,Sunrise,true,false
1430851391580,21901,5000,2,228,-97,1,Sunrise,false,false
1430851391580,21581,5000,2,228,-99,1,Sunrise,false,false
1430851391580,21501,5000,2,228,-101,1,Sunrise,false,false
1430851391580,26162,5000,2,228,-103,1,Sunrise,false,false
1430851391580,21511,5000,2,228,-105,1,Sunrise,false,false
1430851453432,21901,5000,2,228,-97,1,Sunrise,true,false
1430851513652,21901,5000,2,228,-97,1,Sunrise,true,false
1430851513652,21901,5000,2,228,-95,1,Sunrise,false,false
1430851513652,21501,5000,2,228,-99,1,Sunrise,false,false
1430851513652,21581,5000,2,228,-99,1,Sunrise,false,false
1430851513652,26162,5000,2,228,-101,1,Sunrise,false,false
1430851614427,21901,5000,2,228,-97,1,Sunrise,true,false
1430851614427,21901,5000,2,228,-95,1,Sunrise,false,false
1430851614427,21501,5000,2,228,-99,1,Sunrise,false,false
1430851614427,21581,5000,2,228,-101,1,Sunrise,false,false
1430851614427,26162,5000,2,228,-103,1,Sunrise,false,false
1430851674566,21901,5000,2,228,-97,1,Sunrise,true,false
1430851674566,21901,5000,2,228,-97,1,Sunrise,false,false
1430851674566,21501,5000,2,228,-99,1,Sunrise,false,false
1430851674566,21581,5000,2,228,-101,1,Sunrise,false,false
1430851674566,26162,5000,2,228,-101,1,Sunrise,false,false
1430851674566,19961,5000,2,228,-105,1,Sunrise,false,false
1430851735473,21901,5000,2,228,-97,1,Sunrise,true,false
1430851735473,0,-1,2,228,-115,3,Sunrise,false,false
1430851795567,21901,5000,2,228,-97,1,Sunrise,true,false
1430851795567,21901,5000,2,228,-97,1,Sunrise,false,false
1430851795567,21581,5000,2,228,-99,1,Sunrise,false,false
1430851795567,26162,5000,2,228,-103,1,Sunrise,false,false
1430851795567,21501,5000,2,228,-105,1,Sunrise,false,false
1430851860501,21901,5000,2,228,-97,1,Sunrise,true,false
1430851860501,21901,5000,2,228,-97,1,Sunrise,false,false
1430851860501,21581,5000,2,228,-101,1,Sunrise,false,false
1430851860501,21501,5000,2,228,-103,1,Sunrise,false,false
1430851860501,26162,5000,2,228,-103,1,Sunrise,false,false
1430851920571,21901,5000,2,228,-97,1,Sunrise,true,false
1430851920571,0,-1,2,228,-115,3,Sunrise,false,false
1430851993384,21901,5000,2,228,-97,1,Sunrise,true,false
1430851993384,21901,5000,2,228,-97,1,Sunrise,false,false
1430851993384,21501,5000,2,228,-99,1,Sunrise,false,false
1430851993384,21581,5000,2,228,-99,1,Sunrise,false,false
1430851993384,26162,5000,2,228,-101,1,Sunrise,false,false
1430852053592,21901,5000,2,228,-97,1,Sunrise,true,false
1430852053592,21901,5000,2,228,-95,1,Sunrise,false,false
1430852053592,21501,5000,2,228,-99,1,Sunrise,false,false
1430852053592,21581,5000,2,228,-101,1,Sunrise,false,false
1430852053592,26162,5000,2,228,-101,1,Sunrise,false,false
1430852114460,21901,5000,2,228,-97,1,Sunrise,true,false
1430852114460,0,-1,2,228,-115,3,Sunrise,false,false
1430852217421,21901,5000,2,228,-97,1,Sunrise,true,false
1430852217421,21901,5000,2,228,-95,1,Sunrise,false,false
1430852217421,21501,5000,2,228,-99,1,Sunrise,false,false
1430852217421,21581,5000,2,228,-101,1,Sunrise,false,false
1430852217421,26162,5000,2,228,-101,1,Sunrise,false,false
1430852217421,19961,5000,2,228,-107,1,Sunrise,false,false
1430852277625,21901,5000,2,228,-97,1,Sunrise,true,false
1430852277625,21901,5000,2,228,-95,1,Sunrise,false,false
1430852277625,21501,5000,2,228,-99,1,Sunrise,false,false
1430852277625,21581,5000,2,228,-99,1,Sunrise,false,false
1430852277625,26162,5000,2,228,-101,1,Sunrise,false,false
1430852338491,21901,5000,2,228,-97,1,Sunrise,true,false
1430852338491,21901,5000,2,228,-95,1,Sunrise,false,false
1430852338491,21501,5000,2,228,-99,1,Sunrise,false,false
1430852338491,21581,5000,2,228,-99,1,Sunrise,false,false
1430852427483,21901,5000,2,228,-97,1,Sunrise,true,false
1430852427483,21901,5000,2,228,-95,1,Sunrise,false,false
1430852427483,21501,5000,2,228,-99,1,Sunrise,false,false
1430852427483,21581,5000,2,228,-101,1,Sunrise,false,false
1430852427483,19961,5000,2,228,-101,1,Sunrise,false,false
1430852427483,26162,5000,2,228,-107,1,Sunrise,false,false
1430852487567,21901,5000,2,228,-97,1,Sunrise,true,false
1430852487567,21901,5000,2,228,-95,1,Sunrise,false,false
1430852487567,21501,5000,2,228,-99,1,Sunrise,false,false
1430852487567,21581,5000,2,228,-99,1,Sunrise,false,false
1430852487567,19961,5000,2,228,-101,1,Sunrise,false,false
1430852550386,21901,5000,2,228,-97,1,Sunrise,true,false
1430852610567,21901,5000,2,228,-97,1,Sunrise,true,false
1430852610567,21901,5000,2,228,-95,1,Sunrise,false,false
1430852610567,21501,5000,2,228,-101,1,Sunrise,false,false
1430852610567,21581,5000,2,228,-101,1,Sunrise,false,false
1430852610567,21502,5000,2,228,-101,1,Sunrise,false,false
1430852610567,26162,5000,2,228,-105,1,Sunrise,false,false
1430852696411,21901,5000,2,228,-97,1,Sunrise,true,false
1430852696411,21901,5000,2,228,-95,1,Sunrise,false,false
1430852696411,21501,5000,2,228,-99,1,Sunrise,false,false
1430852696411,21581,5000,2,228,-99,1,Sunrise,false,false
1430852696411,26162,5000,2,228,-101,1,Sunrise,false,false
1430852756628,21901,5000,2,228,-97,1,Sunrise,true,false
1430852837473,21901,5000,2,228,-97,1,Sunrise,true,false
1430852837473,21901,5000,2,228,-95,1,Sunrise,false,false
1430852837473,21581,5000,2,228,-99,1,Sunrise,false,false
1430852837473,21501,5000,2,228,-99,1,Sunrise,false,false
1430852837473,26162,5000,2,228,-101,1,Sunrise,false,false
1430852924464,21901,5000,2,228,-97,1,Sunrise,true,false
1430852924464,21901,5000,2,228,-95,1,Sunrise,false,false
1430852924464,21501,5000,2,228,-99,1,Sunrise,false,false
1430852924464,21581,5000,2,228,-99,1,Sunrise,false,false
1430852924464,26162,5000,2,228,-101,1,Sunrise,false,false
1430852984532,21901,5000,2,228,-97,1,Sunrise,true,false
1430852984532,0,-1,2,228,-115,3,Sunrise,false,false
1430852984532,83,-1,2,228,-116,3,Sunrise,false,false
1430852984532,0,-1,2,228,-116,3,Sunrise,false,false
1430853060592,21901,5000,2,228,-97,1,Sunrise,true,false
1430853060592,21902,5000,2,228,-95,1,Sunrise,false,false
1430853060592,21501,5000,2,228,-99,1,Sunrise,false,false
1430853060592,21581,5000,2,228,-99,1,Sunrise,false,false
1430853060592,19661,5000,2,228,-101,1,Sunrise,false,false
1430853060592,26162,5000,2,228,-107,1,Sunrise,false,false
1430853060592,19961,5000,2,228,-107,1,Sunrise,false,false
1430853120588,21901,5000,2,228,-97,1,Sunrise,true,false
1430853120588,21902,5000,2,228,-95,1,Sunrise,false,false
1430853120588,21501,5000,2,228,-99,1,Sunrise,false,false
1430853120588,21581,5000,2,228,-99,1,Sunrise,false,false
1430853197419,21901,5000,2,228,-97,1,Sunrise,true,false
1430853197419,21902,5000,2,228,-95,1,Sunrise,false,false
1430853197419,21501,5000,2,228,-99,1,Sunrise,false,false
1430853197419,21581,5000,2,228,-99,1,Sunrise,false,false
1430853257551,21901,5000,2,228,-97,1,Sunrise,true,false
1430853257551,21902,5000,2,228,-95,1,Sunrise,false,false
1430853257551,21501,5000,2,228,-99,1,Sunrise,false,false
1430853257551,21581,5000,2,228,-99,1,Sunrise,false,false
1430853257551,21502,5000,2,228,-101,1,Sunrise,false,false
1430853257551,19961,5000,2,228,-105,1,Sunrise,false,false
1430853336442,21901,5000,2,228,-97,1,Sunrise,true,false
1430853336442,21501,5000,2,228,-97,1,Sunrise,false,false
1430853336442,21901,5000,2,228,-97,1,Sunrise,false,false
1430853336442,21581,5000,2,228,-99,1,Sunrise,false,false
1430853336442,21502,5000,2,228,-103,1,Sunrise,false,false
1430853336442,19961,5000,2,228,-107,1,Sunrise,false,false
1430853396589,21901,5000,2,228,-97,1,Sunrise,true,false
1430853396589,21901,5000,2,228,-97,1,Sunrise,false,false
1430853396589,21501,5000,2,228,-99,1,Sunrise,false,false
1430853396589,21581,5000,2,228,-99,1,Sunrise,false,false
1430853396589,19961,5000,2,228,-101,1,Sunrise,false,false
1430853549789,21901,5000,2,228,-97,1,Sunrise,true,false
1430853549789,21901,5000,2,228,-97,1,Sunrise,false,false
1430853549789,21501,5000,2,228,-99,1,Sunrise,false,false
1430853549789,21581,5000,2,228,-101,1,Sunrise,false,false
1430853549789,21502,5000,2,228,-103,1,Sunrise,false,false
1430853549789,19961,5000,2,228,-105,1,Sunrise,false,false
1430853549789,26162,5000,2,228,-109,1,Sunrise,false,false
1430853616398,21901,5000,2,228,-97,1,Sunrise,true,false
1430853616398,21901,5000,2,228,-95,1,Sunrise,false,false
1430853616398,21501,5000,2,228,-97,1,Sunrise,false,false
1430853616398,21581,5000,2,228,-99,1,Sunrise,false,false
1430853676574,21901,5000,2,228,-97,1,Sunrise,true,false
1430853676574,21901,5000,2,228,-97,1,Sunrise,false,false
1430853676574,21501,5000,2,228,-99,1,Sunrise,false,false
1430853676574,21581,5000,2,228,-101,1,Sunrise,false,false
1430853754440,21901,5000,2,228,-97,1,Sunrise,true,false
1430853754440,21901,5000,2,228,-97,1,Sunrise,false,false
1430853754440,21501,5000,2,228,-99,1,Sunrise,false,false
1430853754440,21581,5000,2,228,-99,1,Sunrise,false,false
1430853754440,26162,5000,2,228,-103,1,Sunrise,false,false
1430853816428,21901,5000,2,228,-97,1,Sunrise,true,false
1430853876615,21901,5000,2,228,-97,1,Sunrise,true,false
1430853876615,21901,5000,2,228,-95,1,Sunrise,false,false
1430853876615,21501,5000,2,228,-97,1,Sunrise,false,false
1430853876615,21581,5000,2,228,-101,1,Sunrise,false,false
1430853980527,21901,5000,2,228,-97,1,Sunrise,true,false
1430853980527,161,-1,2,228,-114,3,Sunrise,false,false
1430854040601,21901,5000,2,228,-97,1,Sunrise,true,false
1430854040601,21501,5000,2,228,-97,1,Sunrise,false,false
1430854040601,21901,5000,2,228,-97,1,Sunrise,false,false
1430854040601,21581,5000,2,228,-99,1,Sunrise,false,false
1430854040601,19961,5000,2,228,-101,1,Sunrise,false,false
1430854141550,21901,5000,2,228,-97,1,Sunrise,true,false
1430854141550,21501,5000,2,228,-97,1,Sunrise,false,false
1430854141550,21901,5000,2,228,-97,1,Sunrise,false,false
1430854141550,21581,5000,2,228,-99,1,Sunrise,false,false
1430854141550,19961,5000,2,228,-101,1,Sunrise,false,false
1430854201590,21901,5000,2,228,-97,1,Sunrise,true,false
1430854201590,21501,5000,2,228,-97,1,Sunrise,false,false
1430854201590,21581,5000,2,228,-99,1,Sunrise,false,false
1430854201590,21901,5000,2,228,-99,1,Sunrise,false,false
1430854277393,21901,5000,2,228,-97,1,Sunrise,true,false
1430854277393,21501,5000,2,228,-97,1,Sunrise,false,false
1430854277393,21581,5000,2,228,-97,1,Sunrise,false,false
1430854277393,21901,5000,2,228,-99,1,Sunrise,false,false
1430854337593,21901,5000,2,228,-97,1,Sunrise,true,false
1430854337593,21901,5000,2,228,-95,1,Sunrise,false,false
1430854337593,21501,5000,2,228,-97,1,Sunrise,false,false
1430854337593,21581,5000,2,228,-99,1,Sunrise,false,false
1430854637508,21901,5000,2,228,-97,1,Sunrise,true,false
1430854637508,21901,5000,2,228,-97,1,Sunrise,false,false
1430854637508,21501,5000,2,228,-97,1,Sunrise,false,false
1430854637508,21581,5000,2,228,-99,1,Sunrise,false,false
1430854697527,21901,5000,2,228,-97,1,Sunrise,true,false
1430854697527,21501,5000,2,228,-97,1,Sunrise,false,false
1430854697527,21901,5000,2,228,-97,1,Sunrise,false,false
1430854697527,21581,5000,2,228,-99,1,Sunrise,false,false
1430854997409,21901,5000,2,228,-97,1,Sunrise,true,false
1430854997409,21501,5000,2,228,-97,1,Sunrise,false,false
1430854997409,21581,5000,2,228,-99,1,Sunrise,false,false
1430854997409,21901,5000,2,228,-99,1,Sunrise,false,false
1430855057587,21901,5000,2,228,-97,1,Sunrise,true,false
1430855057587,21901,5000,2,228,-97,1,Sunrise,false,false
1430855057587,21501,5000,2,228,-99,1,Sunrise,false,false
1430855057587,21581,5000,2,228,-99,1,Sunrise,false,false
1430855308481,21901,5000,2,228,-97,1,Sunrise,true,false
1430855308481,21502,5000,2,228,-97,1,Sunrise,false,false
1430855368531,21901,5000,2,228,-97,1,Sunrise,true,false
1430855462489,21901,5000,2,228,-97,1,Sunrise,true,false
1430855462489,21901,5000,2,228,-97,1,Sunrise,false,false
1430855462489,21501,5000,2,228,-99,1,Sunrise,false,false
1430855462489,21581,5000,2,228,-99,1,Sunrise,false,false
1430855462489,21502,5000,2,228,-101,1,Sunrise,false,false
1430855462489,19961,5000,2,228,-105,1,Sunrise,false,false
1430855522549,21901,5000,2,228,-97,1,Sunrise,true,false
1430855522549,21501,5000,2,228,-99,1,Sunrise,false,false
1430855522549,21581,5000,2,228,-99,1,Sunrise,false,false
1430855522549,21901,5000,2,228,-99,1,Sunrise,false,false
1430855522549,21502,5000,2,228,-101,1,Sunrise,false,false
1430855605420,21901,5000,2,228,-97,1,Sunrise,true,false
1430855605420,21901,5000,2,228,-97,1,Sunrise,false,false
1430855605420,21501,5000,2,228,-97,1,Sunrise,false,false
1430855605420,21581,5000,2,228,-99,1,Sunrise,false,false
1430855605420,21502,5000,2,228,-101,1,Sunrise,false,false
1430855605420,26162,5000,2,228,-107,1,Sunrise,false,false
1430855665547,21901,5000,2,228,-97,1,Sunrise,true,false
1430855665547,21901,5000,2,228,-97,1,Sunrise,false,false
1430855665547,21501,5000,2,228,-99,1,Sunrise,false,false
1430855665547,21581,5000,2,228,-101,1,Sunrise,false,false
1430855665547,21502,5000,2,228,-101,1,Sunrise,false,false
1430855665547,26162,5000,2,228,-105,1,Sunrise,false,false
1430855745504,21901,5000,2,228,-97,1,Sunrise,true,false
1430855745504,21901,5000,2,228,-97,1,Sunrise,false,false
1430855745504,21501,5000,2,228,-99,1,Sunrise,false,false
1430855745504,21581,5000,2,228,-99,1,Sunrise,false,false
1430855745504,21502,5000,2,228,-101,1,Sunrise,false,false
1430855805771,21901,5000,2,228,-97,1,Sunrise,true,false
1430855892471,21901,5000,2,228,-97,1,Sunrise,true,false
1430855892471,21501,5000,2,228,-97,1,Sunrise,false,false
1430855892471,21901,5000,2,228,-99,1,Sunrise,false,false
1430855892471,21581,5000,2,228,-101,1,Sunrise,false,false
1430855892471,26162,5000,2,228,-101,1,Sunrise,false,false
1430855892471,21502,5000,2,228,-105,1,Sunrise,false,false
1430855956407,21901,5000,2,228,-97,1,Sunrise,true,false
1430856016542,21901,5000,2,228,-97,1,Sunrise,true,false
1430856016542,21901,5000,2,228,-97,1,Sunrise,false,false
1430856016542,21501,5000,2,228,-99,1,Sunrise,false,false
1430856016542,21581,5000,2,228,-99,1,Sunrise,false,false
1430856016542,21502,5000,2,228,-101,1,Sunrise,false,false
1430856016542,26162,5000,2,228,-105,1,Sunrise,false,false
1430856076879,21901,5000,2,228,-97,1,Sunrise,true,false
1430856076879,21901,5000,2,228,-99,1,Sunrise,false,false
1430856076879,21501,5000,2,228,-99,1,Sunrise,false,false
1430856076879,21581,5000,2,228,-99,1,Sunrise,false,false
1430856076879,21502,5000,2,228,-101,1,Sunrise,false,false
1430856076879,26162,5000,2,228,-105,1,Sunrise,false,false
1430856211468,21901,5000,2,228,-97,1,Sunrise,true,false
1430856211468,21501,5000,2,228,-99,1,Sunrise,false,false
1430856211468,21901,5000,2,228,-99,1,Sunrise,false,false
1430856211468,21581,5000,2,228,-101,1,Sunrise,false,false
1430856211468,21502,5000,2,228,-101,1,Sunrise,false,false
1430856211468,26162,5000,2,228,-105,1,Sunrise,false,false
1430856437563,21901,5000,2,228,-97,1,Sunrise,true,false
1430856437563,21501,5000,2,228,-95,1,Sunrise,false,false
1430856437563,21581,5000,2,228,-99,1,Sunrise,false,false
1430856437563,21901,5000,2,228,-103,1,Sunrise,false,false
1430856437563,26162,5000,2,228,-103,1,Sunrise,false,false
1430856437563,21511,5000,2,228,-103,1,Sunrise,false,false
1430856437563,21502,5000,2,228,-105,1,Sunrise,false,false
1430856551504,21901,5000,2,228,-97,1,Sunrise,true,false
1430856551504,21501,5000,2,228,-97,1,Sunrise,false,false
1430856551504,21581,5000,2,228,-99,1,Sunrise,false,false
1430856551504,21901,5000,2,228,-101,1,Sunrise,false,false
1430856551504,26162,5000,2,228,-103,1,Sunrise,false,false
1430856551504,21511,5000,2,228,-105,1,Sunrise,false,false
1430856611656,21901,5000,2,228,-97,1,Sunrise,true,false
1430856611656,21501,5000,2,228,-97,1,Sunrise,false,false
1430856611656,21581,5000,2,228,-99,1,Sunrise,false,false
1430856611656,26162,5000,2,228,-103,1,Sunrise,false,false
1430856611656,21901,5000,2,228,-105,1,Sunrise,false,false
1430856611656,21502,5000,2,228,-105,1,Sunrise,false,false
1430856689441,21901,5000,2,228,-97,1,Sunrise,true,false
1430856689441,21501,5000,2,228,-97,1,Sunrise,false,false
1430856689441,21581,5000,2,228,-99,1,Sunrise,false,false
1430856689441,21901,5000,2,228,-103,1,Sunrise,false,false
1430856689441,26162,5000,2,228,-103,1,Sunrise,false,false
1430856689441,21511,5000,2,228,-105,1,Sunrise,false,false
1430856797483,21901,5000,2,228,-97,1,Sunrise,true,false
1430856797483,21501,5000,2,228,-97,1,Sunrise,false,false
1430856797483,21581,5000,2,228,-99,1,Sunrise,false,false
1430856797483,26162,5000,2,228,-103,1,Sunrise,false,false
1430856797483,21511,5000,2,228,-105,1,Sunrise,false,false
1430856797483,21901,5000,2,228,-105,1,Sunrise,false,false
1430856797483,21502,5000,2,228,-107,1,Sunrise,false,false
1430856857567,21901,5000,2,228,-97,1,Sunrise,true,false
1430856857567,21501,5000,2,228,-97,1,Sunrise,false,false
1430856857567,21581,5000,2,228,-99,1,Sunrise,false,false
1430856857567,26162,5000,2,228,-103,1,Sunrise,false,false
1430856857567,21901,5000,2,228,-103,1,Sunrise,false,false
1430856857567,21502,5000,2,228,-107,1,Sunrise,false,false
1430857092524,21901,5000,2,228,-97,1,Sunrise,true,false
1430857092524,21501,5000,2,228,-97,1,Sunrise,false,false
1430857092524,21581,5000,2,228,-99,1,Sunrise,false,false
1430857092524,26162,5000,2,228,-103,1,Sunrise,false,false
1430857092524,21901,5000,2,228,-105,1,Sunrise,false,false
1430857152707,21901,5000,2,228,-97,1,Sunrise,true,false
1430857152707,21901,5000,2,228,-99,1,Sunrise,false,false
1430857152707,21501,5000,2,228,-99,1,Sunrise,false,false
1430857152707,21581,5000,2,228,-99,1,Sunrise,false,false
1430857152707,26162,5000,2,228,-101,1,Sunrise,false,false
1430857152707,21511,5000,2,228,-107,1,Sunrise,false,false
1430857215468,21901,5000,2,228,-97,1,Sunrise,true,false
1430857215468,0,-1,2,228,-116,3,Sunrise,false,false
1430857215468,83,-1,2,228,-116,3,Sunrise,false,false
1430857275562,21901,5000,2,228,-97,1,Sunrise,true,false
1430857275562,21581,5000,2,228,-97,1,Sunrise,false,false
1430857275562,21501,5000,2,228,-99,1,Sunrise,false,false
1430857275562,21572,5000,2,228,-103,1,Sunrise,false,false
1430857275562,26162,5000,2,228,-105,1,Sunrise,false,false
1430857421447,21901,5000,2,228,-97,1,Sunrise,true,false
1430857421447,21501,5000,2,228,-97,1,Sunrise,false,false
1430857421447,21581,5000,2,228,-99,1,Sunrise,false,false
1430857421447,21572,5000,2,228,-103,1,Sunrise,false,false
1430857421447,21901,5000,2,228,-105,1,Sunrise,false,false
1430857421447,26162,5000,2,228,-105,1,Sunrise,false,false
1430857481600,21901,5000,2,228,-97,1,Sunrise,true,false
1430857481600,21501,5000,2,228,-97,1,Sunrise,false,false
1430857481600,21581,5000,2,228,-97,1,Sunrise,false,false
1430857481600,21572,5000,2,228,-103,1,Sunrise,false,false
1430857481600,26162,5000,2,228,-105,1,Sunrise,false,false
1430857481600,21901,5000,2,228,-107,1,Sunrise,false,false
1430857695613,21901,5000,2,228,-97,1,Sunrise,true,false
1430857695613,21501,5000,2,228,-97,1,Sunrise,false,false
1430857695613,21581,5000,2,228,-97,1,Sunrise,false,false
1430857695613,21901,5000,2,228,-103,1,Sunrise,false,false
1430857695613,26162,5000,2,228,-105,1,Sunrise,false,false
1430857755627,21901,5000,2,228,-97,1,Sunrise,true,false
1430857755627,0,-1,2,228,-115,3,Sunrise,false,false
1430857877481,21901,5000,2,228,-97,1,Sunrise,true,false
1430857877481,0,-1,2,228,-115,3,Sunrise,false,false
1430857937550,21901,5000,2,228,-97,1,Sunrise,true,false
1430857937550,0,-1,2,228,-115,3,Sunrise,false,false
1430858010489,21901,5000,2,228,-97,1,Sunrise,true,false
1430858139456,21901,5000,2,228,-97,1,Sunrise,true,false
1430858139456,21501,5000,2,228,-97,1,Sunrise,false,false
1430858139456,21581,5000,2,228,-97,1,Sunrise,false,false
1430858139456,21572,5000,2,228,-101,1,Sunrise,false,false
1430858139456,21901,5000,2,228,-101,1,Sunrise,false,false
1430858139456,26162,5000,2,228,-105,1,Sunrise,false,false
1430858139456,21511,5000,2,228,-107,1,Sunrise,false,false
1430858199545,21901,5000,2,228,-97,1,Sunrise,true,false
1430858199545,21581,5000,2,228,-97,1,Sunrise,false,false
1430858199545,21501,5000,2,228,-97,1,Sunrise,false,false
1430858199545,26162,5000,2,228,-101,1,Sunrise,false,false
1430858199545,21901,5000,2,228,-105,1,Sunrise,false,false
1430858199545,21511,5000,2,228,-105,1,Sunrise,false,false
1430858299604,21901,5000,2,228,-97,1,Sunrise,true,false
1430858299604,21501,5000,2,228,-97,1,Sunrise,false,false
1430858299604,21581,5000,2,228,-97,1,Sunrise,false,false
1430858299604,26162,5000,2,228,-103,1,Sunrise,false,false
1430858422449,21901,5000,2,228,-97,1,Sunrise,true,false
1430858422449,21501,5000,2,228,-97,1,Sunrise,false,false
1430858422449,21581,5000,2,228,-97,1,Sunrise,false,false
1430858422449,26162,5000,2,228,-103,1,Sunrise,false,false
1430858422449,21901,5000,2,228,-105,1,Sunrise,false,false
1430858422449,21511,5000,2,228,-105,1,Sunrise,false,false
1430858482563,21901,5000,2,228,-97,1,Sunrise,true,false
1430858482563,21501,5000,2,228,-97,1,Sunrise,false,false
1430858482563,21581,5000,2,228,-97,1,Sunrise,false,false
1430858482563,21572,5000,2,228,-101,1,Sunrise,false,false
1430858482563,21511,5000,2,228,-105,1,Sunrise,false,false
1430858482563,26162,5000,2,228,-107,1,Sunrise,false,false
1430858583496,21901,5000,2,228,-97,1,Sunrise,true,false
1430858583496,21501,5000,2,228,-97,1,Sunrise,false,false
1430858583496,21581,5000,2,228,-97,1,Sunrise,false,false
1430858583496,21572,5000,2,228,-103,1,Sunrise,false,false
1430858583496,21511,5000,2,228,-107,1,Sunrise,false,false
1430858583496,26162,5000,2,228,-107,1,Sunrise,false,false
1430858643596,21901,5000,2,228,-97,1,Sunrise,true,false
1430858643596,21501,5000,2,228,-97,1,Sunrise,false,false
1430858643596,21581,5000,2,228,-97,1,Sunrise,false,false
1430858643596,21572,5000,2,228,-103,1,Sunrise,false,false
1430858643596,26162,5000,2,228,-105,1,Sunrise,false,false
1430858643596,21511,5000,2,228,-107,1,Sunrise,false,false
1430858643596,21502,5000,2,228,-107,1,Sunrise,false,false
1430858749390,21901,5000,2,228,-97,1,Sunrise,true,false
1430858749390,21581,5000,2,228,-97,1,Sunrise,false,false
1430858749390,21501,5000,2,228,-99,1,Sunrise,false,false
1430858749390,21572,5000,2,228,-103,1,Sunrise,false,false
1430858749390,26162,5000,2,228,-105,1,Sunrise,false,false
1430858749390,21901,5000,2,228,-107,1,Sunrise,false,false
1430858749390,21502,5000,2,228,-107,1,Sunrise,false,false
1430858809576,21901,5000,2,228,-97,1,Sunrise,true,false
1430858809576,0,-1,2,228,-114,3,Sunrise,false,false
1430858957493,21901,5000,2,228,-97,1,Sunrise,true,false
1430858957493,0,-1,2,228,-115,3,Sunrise,false,false
1430859236476,21901,5000,2,228,-97,1,Sunrise,true,false
1430859236476,0,-1,2,228,-115,3,Sunrise,false,false
1430859296551,21901,5000,2,228,-97,1,Sunrise,true,false
1430859296551,0,-1,2,228,-115,3,Sunrise,false,false
1430859500519,21901,5000,2,228,-97,1,Sunrise,true,false
1430859560617,21901,5000,2,228,-97,1,Sunrise,true,false
1430859560617,0,-1,2,228,-115,3,Sunrise,false,false
1430859621486,21901,5000,2,228,-97,1,Sunrise,true,false
1430859621486,0,-1,2,228,-114,3,Sunrise,false,false
1430859681537,21901,5000,2,228,-97,1,Sunrise,true,false
1430859681537,0,-1,2,228,-115,3,Sunrise,false,false
1430859842476,21901,5000,2,228,-97,1,Sunrise,true,false
1430859842476,0,-1,2,228,-115,3,Sunrise,false,false
1430859902574,21901,5000,2,228,-97,1,Sunrise,true,false
1430859902574,0,-1,2,228,-115,3,Sunrise,false,false
1430860037466,21901,5000,2,228,-97,1,Sunrise,true,false
1430860037466,0,-1,2,228,-115,3,Sunrise,false,false
1430860097648,21901,5000,2,228,-97,1,Sunrise,true,false
1430860097648,21581,5000,2,228,-95,1,Sunrise,false,false
1430860097648,21501,5000,2,228,-97,1,Sunrise,false,false
1430860097648,21901,5000,2,228,-101,1,Sunrise,false,false
1430860097648,26162,5000,2,228,-101,1,Sunrise,false,false
1430860097648,21511,5000,2,228,-103,1,Sunrise,false,false
1430860176420,21901,5000,2,228,-97,1,Sunrise,true,false
1430860176420,21581,5000,2,228,-97,1,Sunrise,false,false
1430860176420,21501,5000,2,228,-99,1,Sunrise,false,false
1430860176420,21901,5000,2,228,-99,1,Sunrise,false,false
1430860176420,26162,5000,2,228,-103,1,Sunrise,false,false
1430860176420,21511,5000,2,228,-103,1,Sunrise,false,false
1430860236587,21901,5000,2,228,-97,1,Sunrise,true,false
1430860236587,21581,5000,2,228,-95,1,Sunrise,false,false
1430860236587,21501,5000,2,228,-97,1,Sunrise,false,false
1430860236587,21901,5000,2,228,-99,1,Sunrise,false,false
1430860236587,26162,5000,2,228,-103,1,Sunrise,false,false
1430860236587,21511,5000,2,228,-103,1,Sunrise,false,false
1430860309430,21901,5000,2,228,-97,1,Sunrise,true,false
1430860398478,21901,5000,2,228,-97,1,Sunrise,true,false
1430860398478,0,-1,2,228,-115,3,Sunrise,false,false
1430860518602,21901,5000,2,228,-97,1,Sunrise,true,false
1430860578595,21901,5000,2,228,-97,1,Sunrise,true,false
1430860578595,0,-1,2,228,-115,3,Sunrise,false,false
1430860638818,21901,5000,2,228,-97,1,Sunrise,true,false
1430860638818,0,-1,2,228,-115,3,Sunrise,false,false
1430860698661,21901,5000,2,228,-97,1,Sunrise,true,false
1430860698661,0,-1,2,228,-115,3,Sunrise,false,false
1430860759103,21901,5000,2,228,-97,1,Sunrise,true,false
1430860759103,21581,5000,2,228,-97,1,Sunrise,false,false
1430860759103,21501,5000,2,228,-99,1,Sunrise,false,false
1430860759103,21901,5000,2,228,-101,1,Sunrise,false,false
1430860759103,26162,5000,2,228,-101,1,Sunrise,false,false
1430860759103,21511,5000,2,228,-105,1,Sunrise,false,false
1430860829456,21901,5000,2,228,-97,1,Sunrise,true,false
1430860829456,21581,5000,2,228,-97,1,Sunrise,false,false
1430860829456,21501,5000,2,228,-99,1,Sunrise,false,false
1430860829456,26162,5000,2,228,-101,1,Sunrise,false,false
1430860829456,21901,5000,2,228,-103,1,Sunrise,false,false
1430860829456,21511,5000,2,228,-105,1,Sunrise,false,false
1430860908488,21901,5000,2,228,-97,1,Sunrise,true,false
1430860968541,21901,5000,2,228,-97,1,Sunrise,true,false
1430860968541,21581,5000,2,228,-97,1,Sunrise,false,false
1430860968541,21501,5000,2,228,-99,1,Sunrise,false,false
1430860968541,26162,5000,2,228,-101,1,Sunrise,false,false
1430860968541,21511,5000,2,228,-103,1,Sunrise,false,false
1430860968541,21901,5000,2,228,-105,1,Sunrise,false,false
1430861052475,21901,5000,2,228,-97,1,Sunrise,true,false
1430861052475,21581,5000,2,228,-97,1,Sunrise,false,false
1430861052475,21501,5000,2,228,-99,1,Sunrise,false,false
1430861052475,26162,5000,2,228,-99,1,Sunrise,false,false
1430861112566,21901,5000,2,228,-97,1,Sunrise,true,false
1430861112566,21581,5000,2,228,-95,1,Sunrise,false,false
1430861112566,21501,5000,2,228,-99,1,Sunrise,false,false
1430861112566,21901,5000,2,228,-99,1,Sunrise,false,false
1430861112566,21511,5000,2,228,-99,1,Sunrise,false,false
1430861112566,26162,5000,2,228,-103,1,Sunrise,false,false
1430861195443,21901,5000,2,228,-97,1,Sunrise,true,false
1430861195443,21581,5000,2,228,-97,1,Sunrise,false,false
1430861195443,21501,5000,2,228,-99,1,Sunrise,false,false
1430861195443,21901,5000,2,228,-99,1,Sunrise,false,false
1430861195443,26162,5000,2,228,-101,1,Sunrise,false,false
1430861195443,21511,5000,2,228,-103,1,Sunrise,false,false
1430861255537,21901,5000,2,228,-97,1,Sunrise,true,false
1430861255537,21581,5000,2,228,-97,1,Sunrise,false,false
1430861255537,21501,5000,2,228,-99,1,Sunrise,false,false
1430861255537,21901,5000,2,228,-99,1,Sunrise,false,false
1430861255537,26162,5000,2,228,-101,1,Sunrise,false,false
1430861255537,21511,5000,2,228,-103,1,Sunrise,false,false
1430861434465,21901,5000,2,228,-97,1,Sunrise,true,false
1430861434465,21581,5000,2,228,-95,1,Sunrise,false,false
1430861434465,21501,5000,2,228,-99,1,Sunrise,false,false
1430861434465,21901,5000,2,228,-99,1,Sunrise,false,false
1430861434465,26162,5000,2,228,-101,1,Sunrise,false,false
1430861434465,21511,5000,2,228,-103,1,Sunrise,false,false
1430861494491,21901,5000,2,228,-97,1,Sunrise,true,false
1430861494491,21581,5000,2,228,-97,1,Sunrise,false,false
1430861494491,21501,5000,2,228,-99,1,Sunrise,false,false
1430861494491,21901,5000,2,228,-99,1,Sunrise,false,false
1430861494491,26162,5000,2,228,-101,1,Sunrise,false,false
1430861494491,21511,5000,2,228,-103,1,Sunrise,false,false
1430861622405,21901,5000,2,228,-97,1,Sunrise,true,false
1430861622405,21581,5000,2,228,-95,1,Sunrise,false,false
1430861622405,21501,5000,2,228,-99,1,Sunrise,false,false
1430861622405,21901,5000,2,228,-99,1,Sunrise,false,false
1430861622405,26162,5000,2,228,-101,1,Sunrise,false,false
1430861622405,21511,5000,2,228,-103,1,Sunrise,false,false
1430861709467,21901,5000,2,228,-97,1,Sunrise,true,false
1430861709467,21581,5000,2,228,-97,1,Sunrise,false,false
1430861709467,21501,5000,2,228,-99,1,Sunrise,false,false
1430861709467,21901,5000,2,228,-99,1,Sunrise,false,false
1430861709467,26162,5000,2,228,-99,1,Sunrise,false,false
1430861709467,21511,5000,2,228,-103,1,Sunrise,false,false
1430861769560,21901,5000,2,228,-97,1,Sunrise,true,false
1430861769560,21581,5000,2,228,-95,1,Sunrise,false,false
1430861769560,21501,5000,2,228,-99,1,Sunrise,false,false
1430861769560,21901,5000,2,228,-99,1,Sunrise,false,false
1430861769560,26162,5000,2,228,-99,1,Sunrise,false,false
1430861769560,21511,5000,2,228,-103,1,Sunrise,false,false
1430861838422,21901,5000,2,228,-97,1,Sunrise,true,false
1430861838422,21581,5000,2,228,-97,1,Sunrise,false,false
1430861838422,21501,5000,2,228,-99,1,Sunrise,false,false
1430861838422,21901,5000,2,228,-99,1,Sunrise,false,false
1430861838422,26162,5000,2,228,-99,1,Sunrise,false,false
1430861838422,21511,5000,2,228,-103,1,Sunrise,false,false
1430861898582,21901,5000,2,228,-97,1,Sunrise,true,false
1430861898582,21581,5000,2,228,-95,1,Sunrise,false,false
1430861898582,21501,5000,2,228,-99,1,Sunrise,false,false
1430861898582,21901,5000,2,228,-99,1,Sunrise,false,false
1430861898582,26162,5000,2,228,-101,1,Sunrise,false,false
1430861898582,21511,5000,2,228,-103,1,Sunrise,false,false
1430862009439,21901,5000,2,228,-97,1,Sunrise,true,false
1430862009439,0,-1,2,228,-116,3,Sunrise,false,false
1430862069612,21901,5000,2,228,-97,1,Sunrise,true,false
1430862069612,21581,5000,2,228,-97,1,Sunrise,false,false
1430862069612,21501,5000,2,228,-99,1,Sunrise,false,false
1430862069612,21901,5000,2,228,-99,1,Sunrise,false,false
1430862069612,26162,5000,2,228,-101,1,Sunrise,false,false
1430862069612,21511,5000,2,228,-103,1,Sunrise,false,false
1430862134532,21901,5000,2,228,-97,1,Sunrise,true,false
1430862134532,21581,5000,2,228,-97,1,Sunrise,false,false
1430862134532,21501,5000,2,228,-97,1,Sunrise,false,false
1430862134532,21901,5000,2,228,-97,1,Sunrise,false,false
1430862134532,26162,5000,2,228,-99,1,Sunrise,false,false
1430862134532,21511,5000,2,228,-103,1,Sunrise,false,false
1430862194588,21901,5000,2,228,-97,1,Sunrise,true,false
1430862262442,21901,5000,2,228,-97,1,Sunrise,true,false
1430862262442,21581,5000,2,228,-95,1,Sunrise,false,false
1430862262442,21501,5000,2,228,-97,1,Sunrise,false,false
1430862262442,21901,5000,2,228,-99,1,Sunrise,false,false
1430862262442,26162,5000,2,228,-99,1,Sunrise,false,false
1430862262442,21511,5000,2,228,-103,1,Sunrise,false,false
1430862322596,21901,5000,2,228,-97,1,Sunrise,true,false
1430862322596,21581,5000,2,228,-95,1,Sunrise,false,false
1430862322596,21501,5000,2,228,-99,1,Sunrise,false,false
1430862322596,21901,5000,2,228,-99,1,Sunrise,false,false
1430862322596,26162,5000,2,228,-101,1,Sunrise,false,false
1430862322596,21511,5000,2,228,-103,1,Sunrise,false,false
1430862434496,21901,5000,2,228,-97,1,Sunrise,true,false
1430862434496,21581,5000,2,228,-97,1,Sunrise,false,false
1430862434496,21501,5000,2,228,-97,1,Sunrise,false,false
1430862434496,26162,5000,2,228,-99,1,Sunrise,false,false
1430862434496,21901,5000,2,228,-101,1,Sunrise,false,false
1430862434496,21511,5000,2,228,-101,1,Sunrise,false,false
1430862494595,21901,5000,2,228,-97,1,Sunrise,true,false
1430862494595,21902,5000,2,228,-93,1,Sunrise,false,false
1430862494595,21572,5000,2,228,-99,1,Sunrise,false,false
1430862494595,21501,5000,2,228,-99,1,Sunrise,false,false
1430862494595,26162,5000,2,228,-99,1,Sunrise,false,false
1430862494595,21901,5000,2,228,-101,1,Sunrise,false,false
1430862558411,21901,5000,2,228,-97,1,Sunrise,true,false
1430862558411,21581,5000,2,228,-97,1,Sunrise,false,false
1430862558411,21501,5000,2,228,-99,1,Sunrise,false,false
1430862558411,21901,5000,2,228,-99,1,Sunrise,false,false
1430862558411,26162,5000,2,228,-101,1,Sunrise,false,false
1430862558411,21511,5000,2,228,-101,1,Sunrise,false,false
1430862664506,21901,5000,2,228,-97,1,Sunrise,true,false
1430862664506,21581,5000,2,228,-97,1,Sunrise,false,false
1430862664506,21501,5000,2,228,-97,1,Sunrise,false,false
1430862664506,26162,5000,2,228,-101,1,Sunrise,false,false
1430862664506,21511,5000,2,228,-101,1,Sunrise,false,false
1430862664506,21901,5000,2,228,-101,1,Sunrise,false,false
1430862757459,21901,5000,2,228,-97,1,Sunrise,true,false
1430862757459,21581,5000,2,228,-97,1,Sunrise,false,false
1430862757459,21501,5000,2,228,-97,1,Sunrise,false,false
1430862757459,26162,5000,2,228,-101,1,Sunrise,false,false
1430862757459,21901,5000,2,228,-101,1,Sunrise,false,false
1430862757459,21511,5000,2,228,-103,1,Sunrise,false,false
1430862817575,21901,5000,2,228,-97,1,Sunrise,true,false
1430862918530,21901,5000,2,228,-97,1,Sunrise,true,false
1430862918530,21581,5000,2,228,-95,1,Sunrise,false,false
1430862918530,21501,5000,2,228,-97,1,Sunrise,false,false
1430862918530,21572,5000,2,228,-101,1,Sunrise,false,false
1430862918530,26162,5000,2,228,-103,1,Sunrise,false,false
1430862918530,21901,5000,2,228,-103,1,Sunrise,false,false
1430862918530,21511,5000,2,228,-103,1,Sunrise,false,false
1430862978552,21901,5000,2,228,-97,1,Sunrise,true,false
1430862978552,0,-1,2,228,-115,3,Sunrise,false,false
1430863073420,21901,5000,2,228,-97,1,Sunrise,true,false
1430863073420,21581,5000,2,228,-95,1,Sunrise,false,false
1430863073420,21501,5000,2,228,-97,1,Sunrise,false,false
1430863073420,21901,5000,2,228,-101,1,Sunrise,false,false
1430863073420,21511,5000,2,228,-103,1,Sunrise,false,false
1430863073420,26162,5000,2,228,-103,1,Sunrise,false,false
1430863133608,21901,5000,2,228,-97,1,Sunrise,true,false
1430863199425,21901,5000,2,228,-97,1,Sunrise,true,false
1430863199425,21581,5000,2,228,-95,1,Sunrise,false,false
1430863199425,21501,5000,2,228,-97,1,Sunrise,false,false
1430863199425,21901,5000,2,228,-101,1,Sunrise,false,false
1430863199425,26162,5000,2,228,-101,1,Sunrise,false,false
1430863199425,21511,5000,2,228,-103,1,Sunrise,false,false
