1432214378603,21200,23812,26799,358240053594347,www.unige.ch,Http,"[97,188,1358]",188.0,MOBILE,HSPA,F SFR,[14030228],0,[-101],-101.0,14030228,-1,10,208
1432214438636,20067,3119,6225,358240053594347,www.unige.ch,Http,"[123,129,115]",123.0,MOBILE,HSPA,F SFR,[14030228],0,[-101],-101.0,14030228,-1,10,208
1432214498711,20028,3297,636,358240053594347,www.unige.ch,Http,"[596,1323,1361]",1323.0,MOBILE,HSPA,F SFR,[14030228],0,"[-101,-101]",-101.0,14030228,-1,10,208
1432214558736,21241,3679,5836,358240053594347,www.unige.ch,Http,"[132,110,116]",116.0,MOBILE,HSPA+,F SFR,[14030228],0,"[-101,-101,-101,-101]",-101.0,14030228,-1,10,208
1432214618792,20061,1787,763,358240053594347,www.unige.ch,Http,"[470,547,717]",547.0,MOBILE,HSPA,F SFR,[14030228],0,"[-101,-101]",-101.0,14030228,-1,10,208
1432214678848,20014,2229,1650,358240053594347,www.unige.ch,Http,"[1308,748,758]",758.0,MOBILE,HSPA,F SFR,[14030228],0,"[-101,-101,-101,-101,-101]",-101.0,14030228,-1,10,208
1432214712255,20070,886,0,358240053594347,www.unige.ch,Http,"[5000,5000]",5000.0,MOBILE,UMTS,F SFR,[14076663],0,"[-99,-103,-105,-105,-105,-103]",-104.0,14076663,-1,10,208
1432214772321,20069,7532,5997,358240053594347,www.unige.ch,Http,"[775,256,76]",256.0,MOBILE,UMTS,F SFR,[14076663],0,"[-103,-103]",-103.0,14076663,-1,10,208
1432214832325,20071,956,0,358240053594347,www.unige.ch,Http,"[5000,5000]",5000.0,MOBILE,UMTS,F SFR,[14076663],0,[-103],-103.0,14076663,-1,10,208
1432214892388,20070,12267,14937,358240053594347,www.unige.ch,Http,"[5000,1259,447]",1259.0,MOBILE,EDGE,F SFR,[22874],0,"[-87,-87]",-87.0,22874,0,0,0
1432214966212,20063,3168,594,358240053594347,www.unige.ch,Http,"[102,129,125]",125.0,MOBILE,UMTS,F SFR,[-1],0,"[-103,-103,-103,-103,-103,-103]",-103.0,-1,-1,10,208
1432215027035,20187,4159,2079,358240053594347,www.unige.ch,Http,"[90,81,94]",90.0,MOBILE,HSPA+,F SFR,[-1],0,"[-103,-103]",-103.0,-1,-1,10,208
1432215088024,20068,2246,1135,358240053594347,www.unige.ch,Http,"[968,1094,852]",968.0,MOBILE,UMTS,F SFR,[-1],0,"[-103,-103,-103]",-103.0,-1,-1,10,208
1432215148087,20016,2074,1967,358240053594347,www.unige.ch,Http,"[78,76,83]",78.0,MOBILE,HSPA,F SFR,[-1],0,"[-103,-103]",-103.0,-1,-1,10,208
1432215208107,20011,1981,1491,358240053594347,www.unige.ch,Http,"[638,657,716]",657.0,MOBILE,UMTS,F SFR,[-1],0,"[-103,-103,-103]",-103.0,-1,-1,10,208
1432215274123,20145,52272,18353,358240053594347,www.unige.ch,Http,"[1230,936,90]",936.0,MOBILE,UMTS,F SFR,[-1],0,"[-103,-103]",-103.0,-1,-1,10,208
1432215334134,20070,2053,1516,358240053594347,www.unige.ch,Http,"[607,617,1134]",617.0,MOBILE,UMTS,F SFR,[-1],0,"[-103,-103,-103]",-103.0,-1,-1,10,208
1432215394220,20069,2893,1005,358240053594347,www.unige.ch,Http,"[861,582,950]",861.0,MOBILE,UMTS,F SFR,[-1],0,"[-103,-103,-103]",-103.0,-1,-1,10,208
1432215455026,20011,2090,1276,358240053594347,www.unige.ch,Http,"[749,660,732]",732.0,MOBILE,UMTS,F SFR,"[14796970,14772308]",1,"[-59,-59,-51,-69,-73]",-59.0,14772308,-1,10,208
1432215515071,21123,2779,1843,358240053594347,www.unige.ch,Http,"[770,636,1130]",770.0,MOBILE,UMTS,F SFR,[14772308],0,"[-77,-77]",-77.0,14772308,-1,10,208
1432215576022,20079,1837,904,358240053594347,www.unige.ch,Http,"[565,583,738]",583.0,MOBILE,UMTS,F SFR,[14772308],0,"[-77,-77,-77]",-77.0,14772308,-1,10,208
1432215636035,21166,5203,7465,358240053594347,www.unige.ch,Http,"[5000,111,119]",119.0,MOBILE,HSPA,F SFR,[14772308],0,"[-77,-77]",-77.0,14772308,-1,10,208
1432215697029,20064,4858,6122,358240053594347,www.unige.ch,Http,"[5000,130,128]",130.0,MOBILE,HSPA,F SFR,[14772308],0,[-77],-77.0,14772308,-1,10,208
1432215771033,20075,1094,638,358240053594347,www.unige.ch,Http,"[5000,146,118]",146.0,MOBILE,HSPA,F SFR,[14772308],0,"[-77,-77]",-77.0,14772308,-1,10,208
1432215832036,20022,3496,2078,358240053594347,www.unige.ch,Http,"[5000,710,116]",710.0,MOBILE,HSPA,F SFR,[14772308],0,"[-77,-77]",-77.0,14772308,-1,10,208
1432215892239,20065,2851,1009,358240053594347,www.unige.ch,Http,"[131,128,5000]",131.0,MOBILE,HSPA,F SFR,[14772308],0,"[-77,-77,-77]",-77.0,14772308,-1,10,208
1432216054265,20051,-6547228,-46073106,358240053594347,www.unige.ch,Http,"[5000,5000,5000]",5000.0,MOBILE,UNKNOWN,F SFR,"[14030228,14030228]",1,"[85,-111,-111]",-111.0,14030228,-1,10,208
1432216195014,20078,36708,48845,358240053594347,www.unige.ch,Http,"[179,213,579]",213.0,MOBILE,HSPA,F SFR,[14030228],0,[-113],-113.0,14030228,-1,10,208
1432216315433,20066,4564,2523,358240053594347,www.unige.ch,Http,"[3311,5000,306]",3311.0,MOBILE,HSPA,F SFR,[14025524],0,[-107],-107.0,14025524,-1,10,208
1432216375498,20043,4633,2815,358240053594347,www.unige.ch,Http,"[79,75,79]",79.0,MOBILE,UMTS,F SFR,[14783054],0,"[-103,-103,-103,-103]",-103.0,14783054,-1,10,208
1432216556133,20073,4803,0,358240053594347,www.unige.ch,Http,"[5000,5000]",5000.0,MOBILE,EDGE,F SFR,[27401],0,[-85],-85.0,27401,10602,10,208
1432216621472,20072,2446,0,358240053594347,www.unige.ch,Http,"[5000,5000]",5000.0,MOBILE,UNKNOWN,F SFR,[27401],0,[-85],-85.0,27401,10602,10,208
1432216681709,20071,32916,220422,358240053594347,www.unige.ch,Http,"[5000,79,90]",90.0,MOBILE,UNKNOWN,F SFR,"[140,140,14809145]",2,"[-85,-87,-87,-95,-95]",-87.0,14809145,-1,10,208
1432216742037,20065,5767,2987,358240053594347,www.unige.ch,Http,"[5000,78,79]",79.0,MOBILE,UMTS,F SFR,[14809145],0,"[-95,-95]",-95.0,14809145,-1,10,208
1432216802082,20097,1997,1061,358240053594347,www.unige.ch,Http,"[576,629,956]",629.0,MOBILE,UMTS,F SFR,[14809145],0,"[-95,-95,-95]",-95.0,14809145,-1,10,208
1432216864031,20064,1884,1008,358240053594347,www.unige.ch,Http,"[626,587,628]",626.0,MOBILE,UMTS,F SFR,[14809145],0,"[-95,-95]",-95.0,14809145,-1,10,208
1432216925109,20079,5578,9040,358240053594347,www.unige.ch,Http,"[660,568,1007]",660.0,MOBILE,UMTS,F SFR,[14809145],0,"[-95,-95]",-95.0,14809145,-1,10,208
1432216986020,20069,3517,2129,358240053594347,www.unige.ch,Http,"[1115,858,854]",858.0,MOBILE,UMTS,F SFR,[14809145],0,"[-95,-95]",-95.0,14809145,-1,10,208
1432217046032,20046,4759,2408,358240053594347,www.unige.ch,Http,"[559,508,554]",554.0,MOBILE,UMTS,F SFR,[14809145],0,"[-95,-95,-95,-95]",-95.0,14809145,-1,10,208
1432217106100,20081,2342,1377,358240053594347,www.unige.ch,Http,"[1198,1149,922]",1149.0,MOBILE,UMTS,F SFR,[14809145],0,"[-95,-95,-95]",-95.0,14809145,-1,10,208
1432217166094,20086,1424,864,358240053594347,www.unige.ch,Http,"[2005,1041,1916]",1916.0,MOBILE,UMTS,F SFR,[14809145],0,[-95],-95.0,14809145,-1,10,208
1432217226168,20130,2301,1819,358240053594347,www.unige.ch,Http,"[319,229,488]",319.0,MOBILE,HSDPA,F SFR,[14809145],0,[-95],-95.0,14809145,-1,10,208
1432217347034,20061,13473,7422,358240053594347,www.unige.ch,Http,"[5000,3739,2337]",3739.0,MOBILE,UNKNOWN,F SFR,"[14760067,140]",1,[85],85.0,140,10602,10,208
1432217407349,20104,2044,938,358240053594347,www.unige.ch,Http,"[479,615,445]",479.0,MOBILE,EDGE,F SFR,[140],0,[-97],-97.0,140,10602,10,208
1432217467531,20064,1686,448,358240053594347,www.unige.ch,Http,"[560,446,437]",446.0,MOBILE,EDGE,F SFR,[140],0,[-97],-97.0,140,10602,10,208
1432217528098,20055,2157,1445,358240053594347,www.unige.ch,Http,"[1089,668,737]",737.0,MOBILE,EDGE,F SFR,[140],0,[-97],-97.0,140,10602,10,208
1432217588225,20070,5445,128,358240053594347,www.unige.ch,Http,"[5000,5000]",5000.0,MOBILE,EDGE,F SFR,[140],0,"[-107,-105,-103,-103,-103,-103]",-103.0,140,10602,10,208
1432217648239,20070,12317,17035,358240053594347,www.unige.ch,Http,"[5000,5000]",5000.0,MOBILE,EDGE,F SFR,[140],0,"[-99,-97,-97]",-97.0,140,10602,10,208
1432217708306,20020,9473,4654,358240053594347,www.unige.ch,Http,"[5000,5000]",5000.0,MOBILE,EDGE,F SFR,[140],0,"[-101,-105,-101,-105,-107,-107,-107]",-105.0,140,10602,10,208
1432217768384,20065,4175,0,358240053594347,www.unige.ch,Http,"[5000,5000]",5000.0,MOBILE,UNKNOWN,F SFR,"[140,140]",1,[85],85.0,140,10602,10,208
1432218330036,20014,12531,37889,358240053594347,www.unige.ch,Http,"[5000,5000,1626]",5000.0,MOBILE,EDGE,F SFR,[140],0,[-103],-103.0,140,10602,10,208
1432218390118,20066,4251,5840,358240053594347,www.unige.ch,Http,"[899,836,1337]",899.0,MOBILE,EDGE,F SFR,[140],0,[-103],-103.0,140,10602,10,208
1432218450150,21282,4277,1298,358240053594347,www.unige.ch,Http,"[2158,1456,5000]",2158.0,MOBILE,EDGE,F SFR,[140],0,[-103],-103.0,140,10602,10,208
1432218541059,20087,4127,6066,358240053594347,www.unige.ch,Http,"[546,576,655]",576.0,MOBILE,EDGE,F SFR,[140],0,[-103],-103.0,140,10602,10,208
1432218601362,20081,4574,2788,358240053594347,www.unige.ch,Http,"[762,462,1211]",762.0,MOBILE,EDGE,F SFR,[140],0,[-103],-103.0,140,10602,10,208
1432218663364,20067,1839,904,358240053594347,www.unige.ch,Http,"[417,637,497]",497.0,MOBILE,EDGE,F SFR,[140],0,[-103],-103.0,140,10602,10,208
1432218724051,20078,864,448,358240053594347,www.unige.ch,Http,"[722,557,578]",578.0,MOBILE,EDGE,F SFR,[140],0,[-103],-103.0,140,10602,10,208
1432218784221,20070,4116,2171,358240053594347,www.unige.ch,Http,"[586,736,460]",586.0,MOBILE,EDGE,F SFR,[140],0,[-103],-103.0,140,0,0,0
1432218845119,20102,3480,1367,358240053594347,www.unige.ch,Http,"[89,97,93]",93.0,MOBILE,UMTS,F SFR,[-1],0,"[-99,-99,-99]",-99.0,-1,-1,10,208
1432218906032,20063,3379,500,358240053594347,www.unige.ch,Http,"[564,730,844]",730.0,MOBILE,UMTS,F SFR,[-1],0,"[-99,-99]",-99.0,-1,-1,10,208
1432218966093,20074,7706,1419,358240053594347,www.unige.ch,Http,"[576,578,587]",578.0,MOBILE,UMTS,F SFR,[-1],0,"[-99,-99]",-99.0,-1,-1,10,208
1432219028355,20037,4315,2093,358240053594347,www.unige.ch,Http,"[572,595,579]",579.0,MOBILE,UMTS,F SFR,[-1],0,"[-99,-99]",-99.0,-1,-1,10,208
1432219088429,20082,13914,7119,358240053594347,www.unige.ch,Http,"[879,5000,5000]",5000.0,MOBILE,UMTS,F SFR,[14760067],0,"[-105,-105,-105]",-105.0,14760067,-1,10,208
1432219209296,20060,5388,400,358240053594347,www.unige.ch,Http,"[5000,5000]",5000.0,MOBILE,UNKNOWN,F SFR,"[14797509,140]",1,[85],85.0,140,10602,10,208
1432219274048,20129,4734,2713,358240053594347,www.unige.ch,Http,"[5000,5000,2083]",5000.0,MOBILE,EDGE,F SFR,[140],0,[-103],-103.0,140,10602,10,208
1432219539041,21150,3122,319,358240053594347,www.unige.ch,Http,"[5000,5000,5000]",5000.0,MOBILE,EDGE,F SFR,[140],0,"[-99,-99,-103]",-99.0,140,10602,10,208
1432219599115,20071,2958,0,358240053594347,www.unige.ch,Http,[],0.0,MOBILE,EDGE,F SFR,[140],0,[-103],-103.0,140,10602,10,208
1432219659166,21122,3729,0,358240053594347,www.unige.ch,Http,[],0.0,MOBILE,UNKNOWN,F SFR,"[140,140]",1,[85],85.0,140,10602,10,208
1432219867376,20053,2648,0,358240053594347,www.unige.ch,Http,"[5000,5000]",5000.0,MOBILE,UNKNOWN,F SFR,"[140,140]",1,[85],85.0,140,10602,10,208
1432219927612,20066,1722,0,358240053594347,www.unige.ch,Http,"[5000,5000]",5000.0,MOBILE,UNKNOWN,F SFR,"[140,140]",1,[85],85.0,140,10602,10,208
1432220048884,20064,1960,0,358240053594347,www.unige.ch,Http,"[5000,5000]",5000.0,MOBILE,UNKNOWN,F SFR,"[140,140]",1,"[85,-97,-97]",-97.0,140,10602,10,208
1432220108946,20070,2156,0,358240053594347,www.unige.ch,Http,"[5000,5000]",5000.0,MOBILE,EDGE,F SFR,[140],0,[-97],-97.0,140,10602,10,208
1432220169039,20087,2199,0,358240053594347,www.unige.ch,Http,"[5000,5000]",5000.0,MOBILE,EDGE,F SFR,[140],0,[-97],-97.0,140,10602,10,208
1432220229052,20068,2618,0,358240053594347,www.unige.ch,Http,"[5000,5000]",5000.0,MOBILE,EDGE,F SFR,[140],0,[-97],-97.0,140,10602,10,208
1432220289067,20073,1760,0,358240053594347,www.unige.ch,Http,"[5000,5000]",5000.0,MOBILE,EDGE,F SFR,[140],0,[-97],-97.0,140,10602,10,208
1432220349201,20083,4769,2369,358240053594347,www.unige.ch,Http,"[98,124,111]",111.0,MOBILE,UMTS,F SFR,[140],0,"[-109,-109]",-109.0,140,-1,10,208
1432220409214,20100,7385,2230,358240053594347,www.unige.ch,Http,"[1213,638,653]",653.0,MOBILE,UMTS,F SFR,[140],0,"[-109,-109,-109]",-109.0,140,-1,10,208
1432220478023,20068,2155,1015,358240053594347,www.unige.ch,Http,"[81,79,81]",81.0,MOBILE,UMTS,F SFR,[140],0,"[-109,-109,-109,-109]",-109.0,140,-1,10,208
1432220538040,20061,4071,2136,358240053594347,www.unige.ch,Http,"[563,546,507]",546.0,MOBILE,UMTS,F SFR,[14797509],0,"[-101,-101]",-101.0,14797509,-1,10,208
1432220598053,20084,5070,2350,358240053594347,www.unige.ch,Http,"[686,589,587]",589.0,MOBILE,UMTS,F SFR,[14797509],0,"[-101,-101]",-101.0,14797509,-1,10,208
1432220658064,20010,1807,560,358240053594347,www.unige.ch,Http,"[613,643,640]",640.0,MOBILE,UMTS,F SFR,[14797509],0,"[-101,-101]",-101.0,14797509,-1,10,208
1432220718081,20076,2872,1642,358240053594347,www.unige.ch,Http,"[1081,79,90]",90.0,MOBILE,UMTS,F SFR,[14797509],0,"[-101,-101,-101]",-101.0,14797509,-1,10,208
1432220778090,20012,34200,228053,358240053594347,www.unige.ch,Http,"[561,838,310]",561.0,MOBILE,UMTS,F SFR,"[14797509,14797509,14760067]",2,"[-107,-107,-111,-111,-113,-109,-109,-109,-111,-103]",-109.0,14760067,-1,10,208
1432220838126,20023,91367,1980909,358240053594347,www.unige.ch,Http,"[1039,457,677]",677.0,MOBILE,HSPA+,F SFR,[14760067],0,"[-103,-105,-103,-105,-105,-105,-105,-103]",-105.0,14760067,-1,10,208
1432220898124,20022,27612,363706,358240053594347,www.unige.ch,Http,"[87,80,80]",80.0,MOBILE,HSPA+,F SFR,[14760067],0,"[-105,-109,-105,-109,-111,-109,-109,-107]",-109.0,14760067,-1,10,208
1432220958182,20028,72316,334946,358240053594347,www.unige.ch,Http,"[136,77,356]",136.0,MOBILE,HSPA+,F SFR,"[14760067,14798623]",1,"[-103,-107,-107,-111,-109,-109,-111,-107,-107,-107,-111]",-107.0,14798623,-1,10,208
1432221018251,20075,1570,1134,358240053594347,www.unige.ch,Http,"[1115,683,807]",807.0,MOBILE,UMTS,F SFR,[14797509],0,[-105],-105.0,14797509,-1,10,208
1432221089035,20013,1356,767,358240053594347,www.unige.ch,Http,"[754,620,1220]",754.0,MOBILE,UMTS,F SFR,[14797509],0,"[-105,-105]",-105.0,14797509,18114,10,208
1432221149046,20088,1116,664,358240053594347,www.unige.ch,Http,"[734,623,601]",623.0,MOBILE,UMTS,F SFR,[14797509],0,"[-105,-105,-105]",-105.0,14797509,-1,10,208
1432221231038,20016,1430,1103,358240053594347,www.unige.ch,Http,"[78,68,65]",68.0,MOBILE,HSPA+,F SFR,[14797509],0,"[-105,-105,-105,-105,-105]",-105.0,14797509,18114,10,208
1432221303088,20185,922,543,358240053594347,www.unige.ch,Http,"[101,106,86]",101.0,MOBILE,UMTS,F SFR,[14797509],0,"[-105,-105,-105]",-105.0,14797509,-1,10,208
1432221364035,20068,3411,1701,358240053594347,www.unige.ch,Http,"[480,500,544]",500.0,MOBILE,UMTS,F SFR,[14797509],0,[-105],-105.0,14797509,-1,10,208
1432221425045,20068,840,300,358240053594347,www.unige.ch,Http,"[5000,5000,5000]",5000.0,MOBILE,UNKNOWN,F SFR,"[-1,14759979]",1,"[85,-81,-87]",-81.0,14759979,-1,10,208
1432221485090,20064,2227,1725,358240053594347,www.unige.ch,Http,"[73,68,67]",68.0,MOBILE,HSPA,F SFR,[14759979],0,"[-87,-87]",-87.0,14759979,-1,10,208
1432221545216,20083,828,428,358240053594347,www.unige.ch,Http,"[112,115,129]",115.0,MOBILE,HSPA,F SFR,[14759979],0,"[-87,-87]",-87.0,14759979,-1,10,208
1432221605485,20011,828,428,358240053594347,www.unige.ch,Http,"[134,147,108]",134.0,MOBILE,HSPA,F SFR,[14759979],0,"[-87,-87,-87,-87]",-87.0,14759979,-1,10,208
1432221667033,20222,1945,1437,358240053594347,www.unige.ch,Http,"[131,127,141]",131.0,MOBILE,HSPA,F SFR,[14759979],0,"[-87,-87]",-87.0,14759979,-1,10,208
1432221727052,20070,11769,17275,358240053594347,www.unige.ch,Http,"[218,139,269]",218.0,MOBILE,HSPA,F SFR,[14050479],0,"[-105,-105]",-105.0,14050479,-1,10,208
1432221797075,20652,12629,29837,358240053594347,www.unige.ch,Http,"[183,123,119]",123.0,MOBILE,HSPA,F SFR,[14050479],0,"[-105,-105,-105]",-105.0,14050479,-1,10,208
1432221982650,21229,2503,2107,358240053594347,www.unige.ch,Http,"[437,476,381]",437.0,MOBILE,EDGE,F SFR,[115],0,[-101],-101.0,115,10602,10,208
1432222044021,20063,3302,780,358240053594347,www.unige.ch,Http,"[5000,5000]",5000.0,MOBILE,GPRS,F SFR,[115],0,[-101],-101.0,115,10602,10,208
1432222104080,20168,1444,0,358240053594347,www.unige.ch,Http,"[5000,5000]",5000.0,MOBILE,GPRS,F SFR,[115],0,"[-101,-101]",-101.0,115,10602,10,208
1432222164157,20068,4152,3805,358240053594347,www.unige.ch,Http,"[5000,5000,5000]",5000.0,MOBILE,GPRS,F SFR,[61764],0,"[-101,-101]",-101.0,61764,48530,10,208
1432222228683,20076,11170,14192,358240053594347,www.unige.ch,Http,"[2060,1549,5000]",2060.0,MOBILE,EDGE,F SFR,[61764],0,"[-101,-101]",-101.0,61764,10602,10,208
1432222291047,20038,-7904045,-53228093,358240053594347,www.unige.ch,Http,"[1562,308,968]",968.0,MOBILE,UNKNOWN,F SFR,[34017],0,"[-101,-95,-95]",-95.0,34017,10602,10,208
1432222351107,21178,24257,271,358240053594347,www.unige.ch,Http,[],0.0,MOBILE,EDGE,F SFR,[34017],0,"[-95,-95]",-95.0,34017,10602,10,208
1432222411177,20056,9553,13462,358240053594347,www.unige.ch,Http,[],0.0,MOBILE,GPRS,F SFR,[34017],0,"[-95,-95]",-95.0,34017,48530,10,208
1432222478901,20208,3395,2608,358240053594347,www.unige.ch,Http,[],0.0,MOBILE,EDGE,F SFR,"[34017,115]",1,"[-95,-97,-97,-97]",-97.0,115,10602,10,208
1432222538922,20081,4132,1617,358240053594347,www.unige.ch,Http,[],0.0,MOBILE,GPRS,F SFR,[115],0,[-97],-97.0,115,10602,10,208
1432222599007,20071,3996,2678,358240053594347,www.unige.ch,Http,[],0.0,MOBILE,GPRS,F SFR,[115],0,[-97],-97.0,115,10602,10,208
1432222658999,20066,9950,3703,358240053594347,www.unige.ch,Http,[],0.0,MOBILE,GPRS,F SFR,[61764],0,"[-93,-97,-99,-99,-95,-95,-89,-91]",-95.0,61764,10602,10,208
1432222719012,20012,8254,16712,358240053594347,www.unige.ch,Http,[],0.0,MOBILE,GPRS,F SFR,"[61764,115,61764]",2,"[-97,-101,-101,-93,-93,-91,-91,-91,-91,-91,-91,-91,-89]",-91.0,61764,10602,10,208
1432222779034,20100,8355,2839,358240053594347,www.unige.ch,Http,[],0.0,MOBILE,GPRS,F SFR,[61764],0,"[-93,-93,-93,-93,-93,-91,-91,-83,-81,-81,-81,-81,-83]",-91.0,61764,10602,10,208
1432222839052,21089,10225,5298,358240053594347,www.unige.ch,Http,[],0.0,MOBILE,GPRS,F SFR,[61764],0,"[-79,-81,-79,-77]",-79.0,61764,10602,10,208
1432222899074,20071,5854,2438,358240053594347,www.unige.ch,Http,[],0.0,MOBILE,GPRS,F SFR,[61764],0,[-77],-77.0,61764,10602,10,208
1432222959090,20375,8384,4838,358240053594347,www.unige.ch,Http,[],0.0,MOBILE,GPRS,F SFR,[61764],0,"[-85,-87]",-86.0,61764,10602,10,208
1432223019210,20098,2172,0,358240053594347,www.unige.ch,Http,[],0.0,MOBILE,GPRS,F SFR,[61764],0,[-83],-83.0,61764,10602,10,208
1432223103383,20166,1397,0,358240053594347,www.unige.ch,Http,[],0.0,MOBILE,GPRS,F SFR,[61764],0,[-83],-83.0,61764,10602,10,208
1432223166546,20076,807,104,358240053594347,www.unige.ch,Http,[],0.0,MOBILE,GPRS,F SFR,"[61764,115]",1,"[-87,-87,-93,-93,-83,-83]",-87.0,115,10602,10,208
1432223226628,20068,1104,0,358240053594347,www.unige.ch,Http,[],0.0,MOBILE,GPRS,F SFR,[115],0,[-83],-83.0,115,10602,10,208
1432223286691,21144,780,0,358240053594347,www.unige.ch,Http,[],0.0,MOBILE,GPRS,F SFR,[115],0,[-83],-83.0,115,10602,10,208
1432223346726,21140,2218,0,358240053594347,www.unige.ch,Http,[],0.0,MOBILE,EDGE,F SFR,[34017],0,"[-91,-87,-87,-89,-89]",-89.0,34017,48530,10,208
1432223406752,20118,3686,0,358240053594347,www.unige.ch,Http,[],0.0,MOBILE,GPRS,F SFR,[61764],0,"[-97,-99,-99,-99,-103,-103,-103]",-99.0,61764,10602,10,208
1432223466784,20048,4031,0,358240053594347,www.unige.ch,Http,[],0.0,MOBILE,EDGE,F SFR,"[34017,61764]",1,"[-101,-101,-99,-97,-95,-95,-95,-95,-99,-99]",-98.0,61764,10602,10,208
1432223526834,20017,3917,0,358240053594347,www.unige.ch,Http,[],0.0,MOBILE,EDGE,F SFR,[34017],0,"[-97,-99,-97,-89,-85]",-97.0,34017,48530,10,208
1432223586851,20067,3360,0,358240053594347,www.unige.ch,Http,[],0.0,MOBILE,EDGE,F SFR,[34017],0,"[-89,-87]",-88.0,34017,48530,10,208
1432223646878,20045,1717,0,358240053594347,www.unige.ch,Http,[],0.0,MOBILE,EDGE,F SFR,[34017],0,"[-91,-91,-91,-89,-89,-89,-89,-87,-87,-89,-89]",-89.0,34017,10602,10,208
1432223706898,21080,1161,0,358240053594347,www.unige.ch,Http,[],0.0,MOBILE,EDGE,F SFR,[34017],0,"[-87,-87,-87,-89,-89,-89,-89,-89,-89,-89,-89,-89]",-89.0,34017,48530,10,208
1432223830831,20024,2534,0,358240053594347,www.unige.ch,Http,[],0.0,MOBILE,GPRS,F SFR,[61764],0,"[-93,-97,-99]",-97.0,61764,10602,10,208
1432223891793,20200,2442,0,358240053594347,www.unige.ch,Http,[],0.0,MOBILE,EDGE,F SFR,[34017],0,"[-93,-91]",-92.0,34017,48530,10,208
1432223951823,20200,27430,64974,358240053594347,www.unige.ch,Http,"[136,321,152]",152.0,MOBILE,HSPA+,F SFR,[14082117],0,"[-105,-105]",-105.0,14082117,-1,10,208
1432224011892,20010,4186,0,358240053594347,www.unige.ch,Http,"[5000,5000]",5000.0,MOBILE,UNKNOWN,F SFR,"[14082117,31248]",1,[85],85.0,31248,48501,10,208
1432224071959,20060,2265,8728,358240053594347,www.unige.ch,Http,"[840,696,851]",840.0,MOBILE,EDGE,F SFR,[34017],0,[-103],-103.0,34017,0,0,0
1432224132030,21086,5947,6885,358240053594347,www.unige.ch,Http,"[1124,2215,73]",1124.0,MOBILE,HSPA,F SFR,[14050479],0,"[-93,-93,-93]",-93.0,14050479,-1,10,208
1432224192091,21264,3034,2531,358240053594347,www.unige.ch,Http,"[56,104,69]",69.0,MOBILE,HSPA,F SFR,[14050479],0,"[-93,-93,-93]",-93.0,14050479,-1,10,208
1432224252160,20695,1112,620,358240053594347,www.unige.ch,Http,"[91,79,76]",79.0,MOBILE,HSPA,F SFR,[14050479],0,"[-93,-93]",-93.0,14050479,-1,10,208
1432224312249,20430,892,480,358240053594347,www.unige.ch,Http,"[92,77,58]",77.0,MOBILE,HSPA,F SFR,[14050479],0,"[-93,-93]",-93.0,14050479,-1,10,208
1432224372325,20336,880,428,358240053594347,www.unige.ch,Http,"[86,65,67]",67.0,MOBILE,HSPA,F SFR,[14050479],0,"[-93,-93]",-93.0,14050479,-1,10,208
1432224432505,20246,880,446,358240053594347,www.unige.ch,Http,"[76,90,76]",76.0,MOBILE,HSPA,F SFR,[14050479],0,"[-93,-93]",-93.0,14050479,-1,10,208
1432224492676,20257,828,376,358240053594347,www.unige.ch,Http,"[88,67,77]",77.0,MOBILE,HSPA,F SFR,[14050479],0,"[-93,-93]",-93.0,14050479,-1,10,208
1432224552627,20098,864,448,358240053594347,www.unige.ch,Http,"[524,671,641]",641.0,MOBILE,HSPA,F SFR,[14050479],0,[-93],-93.0,14050479,-1,10,208
1432224612701,20354,1112,620,358240053594347,www.unige.ch,Http,"[76,78,82]",78.0,MOBILE,HSPA,F SFR,[14050479],0,"[-93,-93]",-93.0,14050479,-1,10,208
1432224674031,20070,828,428,358240053594347,www.unige.ch,Http,"[81,77,71]",77.0,MOBILE,HSPA,F SFR,[14050479],0,"[-93,-93]",-93.0,14050479,-1,10,208
1432224734042,20073,828,376,358240053594347,www.unige.ch,Http,"[65,69,69]",69.0,MOBILE,HSPA,F SFR,[14050479],0,"[-93,-93]",-93.0,14050479,-1,10,208
1432224795021,20066,828,428,358240053594347,www.unige.ch,Http,"[84,67,71]",71.0,MOBILE,HSPA,F SFR,[14050479],0,"[-93,-93]",-93.0,14050479,-1,10,208
1432224856044,20065,932,646,358240053594347,www.unige.ch,Http,"[65,85,67]",67.0,MOBILE,HSPA,F SFR,[14050479],0,[-93],-93.0,14050479,-1,10,208
1432224916040,20064,828,376,358240053594347,www.unige.ch,Http,"[79,76,61]",76.0,MOBILE,HSPA,F SFR,[14050479],0,[-93],-93.0,14050479,-1,10,208
1432224977029,20066,828,376,358240053594347,www.unige.ch,Http,"[72,80,69]",72.0,MOBILE,HSPA,F SFR,[14050479],0,[-93],-93.0,14050479,-1,10,208
1432225037039,20068,828,376,358240053594347,www.unige.ch,Http,"[77,68,66]",68.0,MOBILE,HSPA,F SFR,[14050479],0,"[-93,-93]",-93.0,14050479,-1,10,208
1432225097056,20071,828,428,358240053594347,www.unige.ch,Http,"[81,78,71]",78.0,MOBILE,HSPA,F SFR,[14050479],0,[-93],-93.0,14050479,-1,10,208
1432225158017,20067,828,376,358240053594347,www.unige.ch,Http,"[73,64,65]",65.0,MOBILE,HSPA,F SFR,[14050479],0,"[-93,-93]",-93.0,14050479,-1,10,208
1432225218030,20073,828,376,358240053594347,www.unige.ch,Http,"[66,65,78]",66.0,MOBILE,HSPA,F SFR,[14050479],0,"[-93,-93]",-93.0,14050479,-1,10,208
1432225278048,20080,828,376,358240053594347,www.unige.ch,Http,"[67,59,61]",61.0,MOBILE,HSPA,F SFR,[14050479],0,"[-93,-93]",-93.0,14050479,-1,10,208
1432225338063,20091,828,376,358240053594347,www.unige.ch,Http,"[74,79,66]",74.0,MOBILE,HSPA,F SFR,[14050479],0,"[-93,-93]",-93.0,14050479,-1,10,208
1432225418133,20066,6249,37529,358240053594347,www.unige.ch,Http,"[71,68,88]",71.0,MOBILE,HSPA,F SFR,[14050479],0,"[-93,-93]",-93.0,14050479,-1,10,208
1432225478127,20064,828,376,358240053594347,www.unige.ch,Http,"[68,63,76]",68.0,MOBILE,HSPA,F SFR,[14050479],0,"[-93,-93]",-93.0,14050479,-1,10,208
1432225538186,20062,828,376,358240053594347,www.unige.ch,Http,"[85,74,69]",74.0,MOBILE,HSPA,F SFR,[14050479],0,"[-93,-93]",-93.0,14050479,-1,10,208
1432225626042,20066,828,376,358240053594347,www.unige.ch,Http,"[86,84,82]",84.0,MOBILE,HSPA,F SFR,[14050479],0,"[-93,-93]",-93.0,14050479,-1,10,208
1432225686051,20065,828,376,358240053594347,www.unige.ch,Http,"[81,75,69]",75.0,MOBILE,HSPA,F SFR,[14050479],0,"[-93,-93]",-93.0,14050479,-1,10,208
1432225750042,20076,2793,6826,358240053594347,www.unige.ch,Http,"[74,69,69]",69.0,MOBILE,HSPA,F SFR,[14050479],0,"[-93,-93]",-93.0,14050479,-1,10,208
1432225810044,20055,1216,703,358240053594347,www.unige.ch,Http,"[114,71,80]",80.0,MOBILE,HSPA,F SFR,[14050479],0,[-93],-93.0,14050479,-1,10,208
1432225870154,20095,828,428,358240053594347,www.unige.ch,Http,"[68,84,71]",71.0,MOBILE,HSPA,F SFR,[14050479],0,"[-93,-93]",-93.0,14050479,-1,10,208
1432225930079,20065,828,376,358240053594347,www.unige.ch,Http,"[84,78,96]",84.0,MOBILE,HSPA,F SFR,[14050479],0,"[-93,-93]",-93.0,14050479,-1,10,208
1432225990090,20069,828,376,358240053594347,www.unige.ch,Http,"[77,80,70]",77.0,MOBILE,HSPA,F SFR,[14050479],0,"[-93,-93]",-93.0,14050479,-1,10,208
1432226050105,20066,828,376,358240053594347,www.unige.ch,Http,"[103,102,97]",102.0,MOBILE,HSPA,F SFR,[14050479],0,"[-93,-93]",-93.0,14050479,-1,10,208
1432226110116,20070,828,428,358240053594347,www.unige.ch,Http,"[68,80,68]",68.0,MOBILE,HSPA,F SFR,[14050479],0,"[-93,-93]",-93.0,14050479,-1,10,208
1432226171438,20068,922,543,358240053594347,www.unige.ch,Http,"[69,80,81]",80.0,MOBILE,HSPA,F SFR,[14050479],0,"[-93,-93]",-93.0,14050479,-1,10,208
1432226257035,20142,41759,18670,358240053594347,www.unige.ch,Http,"[98,180,74]",98.0,MOBILE,HSPA,F SFR,[14050479],0,"[-93,-93]",-93.0,14050479,-1,10,208
1432226317052,20070,828,376,358240053594347,www.unige.ch,Http,"[83,74,76]",76.0,MOBILE,HSPA,F SFR,[14050479],0,"[-93,-93]",-93.0,14050479,-1,10,208
1432226377060,20053,828,376,358240053594347,www.unige.ch,Http,"[88,79,60]",79.0,MOBILE,HSPA,F SFR,[14050479],0,"[-93,-93]",-93.0,14050479,-1,10,208
1432226437083,20069,828,376,358240053594347,www.unige.ch,Http,"[72,76,63]",72.0,MOBILE,HSPA,F SFR,[14050479],0,"[-93,-93]",-93.0,14050479,-1,10,208
1432226497095,20068,880,480,358240053594347,www.unige.ch,Http,"[85,80,68]",80.0,MOBILE,HSPA,F SFR,[14050479],0,"[-93,-93]",-93.0,14050479,-1,10,208
1432226557110,20070,828,376,358240053594347,www.unige.ch,Http,"[135,107,115]",115.0,MOBILE,HSPA,F SFR,[14050479],0,"[-93,-93]",-93.0,14050479,-1,10,208
1432226640027,20083,1098,511,358240053594347,www.unige.ch,Http,"[73,83,78]",78.0,MOBILE,HSPA,F SFR,[14050479],0,"[-93,-93]",-93.0,14050479,-1,10,208
1432226700055,20018,828,376,358240053594347,www.unige.ch,Http,"[75,68,78]",75.0,MOBILE,HSPA,F SFR,[14050479],0,"[-93,-93]",-93.0,14050479,-1,10,208
1432226760181,20065,828,376,358240053594347,www.unige.ch,Http,"[159,120,127]",127.0,MOBILE,HSPA,F SFR,[14050479],0,[-93],-93.0,14050479,-1,10,208
1432226820353,20100,828,376,358240053594347,www.unige.ch,Http,"[79,94,71]",79.0,MOBILE,HSPA,F SFR,[14050479],0,"[-93,-93]",-93.0,14050479,-1,10,208
1432226941041,20180,828,376,358240053594347,www.unige.ch,Http,"[82,71,69]",71.0,MOBILE,HSPA,F SFR,[14050479],0,"[-87,-87]",-87.0,14050479,-1,10,208
1432227001138,20083,828,376,358240053594347,www.unige.ch,Http,"[69,69,63]",69.0,MOBILE,HSPA,F SFR,[14050479],0,"[-87,-87]",-87.0,14050479,-1,10,208
1432227074409,20066,828,376,358240053594347,www.unige.ch,Http,"[87,67,66]",67.0,MOBILE,HSPA,F SFR,[14050479],0,[-87],-87.0,14050479,-1,10,208
1432227135151,20013,18619,23537,358240053594347,www.unige.ch,Http,"[103,119,110]",110.0,MOBILE,HSPA,F SFR,[14072782],0,"[-87,-87,-95,-95,-99,-89,-89,-89,-87,-87]",-89.0,14072782,-1,10,208
1432227195175,20042,828,480,358240053594347,www.unige.ch,Http,"[118,119,136]",119.0,MOBILE,HSPA,F SFR,"[14050479,14082117]",1,"[-97,-93,-93,-87,-87,-87,-87,-85]",-87.0,14082117,-1,10,208
1432227255240,20113,1013,500,358240053594347,www.unige.ch,Http,"[63,79,79]",79.0,MOBILE,HSPA,F SFR,[14078699],0,"[-89,-89]",-89.0,14078699,-1,10,208
1432227316034,21113,3774,7687,358240053594347,www.unige.ch,Http,"[106,112,121]",112.0,MOBILE,HSPA,F SFR,[14078699],0,"[-89,-89,-89,-89]",-89.0,14078699,-1,10,208
1432227376050,21142,1088,667,358240053594347,www.unige.ch,Http,"[128,144,150]",144.0,MOBILE,HSPA,F SFR,[14078699],0,[-89],-89.0,14078699,-1,10,208
1432227436067,20060,916,604,358240053594347,www.unige.ch,Http,"[131,118,128]",128.0,MOBILE,HSPA,F SFR,[14078699],0,"[-89,-89]",-89.0,14078699,-1,10,208
1432227496083,20060,1875,1032,358240053594347,www.unige.ch,Http,"[79,80,72]",79.0,MOBILE,HSPA,F SFR,"[14078699,14082117]",1,"[-89,-89,-89,-99]",-89.0,14082117,-1,10,208
1432227556097,20137,883,0,358240053594347,www.unige.ch,Http,"[5000,5000]",5000.0,MOBILE,HSPA,F SFR,[14082117],0,"[-99,-99]",-99.0,14082117,-1,10,208
1432227616150,20076,2046,1404,358240053594347,www.unige.ch,Http,"[141,638,142]",142.0,MOBILE,HSPA+,F SFR,[14082117],0,"[-99,-99,-99,-99,-99]",-99.0,14082117,-1,10,208
1432227676166,20070,864,500,358240053594347,www.unige.ch,Http,"[424,457,415]",424.0,MOBILE,EDGE,F SFR,[31248],0,[-91],-91.0,31248,48501,10,208
1432227736669,20072,1040,548,358240053594347,www.unige.ch,Http,"[597,598,564]",597.0,MOBILE,EDGE,F SFR,[31248],0,[-91],-91.0,31248,48501,10,208
1432227797053,20062,1516,658,358240053594347,www.unige.ch,Http,"[5000,110,477]",477.0,MOBILE,EDGE,F SFR,"[31248,14050479]",1,"[-91,-105,-105]",-105.0,14050479,-1,10,208
1432227857350,20057,828,376,358240053594347,www.unige.ch,Http,"[125,134,845]",134.0,MOBILE,HSPA,F SFR,[14050479],0,"[-105,-105,-105]",-105.0,14050479,-1,10,208
1432227917724,20070,828,428,358240053594347,www.unige.ch,Http,"[109,141,126]",126.0,MOBILE,HSPA,F SFR,[14072782],0,"[-107,-107]",-107.0,14072782,-1,10,208
1432227983040,20058,828,428,358240053594347,www.unige.ch,Http,"[397,406,207]",397.0,MOBILE,HSPA,F SFR,[14072782],0,"[-107,-107,-107]",-107.0,14072782,-1,10,208
1432228044038,20079,1234,775,358240053594347,www.unige.ch,Http,"[2047,1025,449]",1025.0,MOBILE,HSPA,F SFR,[14072782],0,"[-107,-107,-107]",-107.0,14072782,-1,10,208
1432228104223,20071,828,376,358240053594347,www.unige.ch,Http,"[122,62,64]",64.0,MOBILE,HSPA,F SFR,[14072782],0,"[-107,-107]",-107.0,14072782,-1,10,208
1432228170041,20077,880,428,358240053594347,www.unige.ch,Http,"[115,202,148]",148.0,MOBILE,HSPA,F SFR,[14072782],0,"[-107,-107]",-107.0,14072782,-1,10,208
1432228236053,20064,912,224,358240053594347,www.unige.ch,Http,"[5000,3286,554]",3286.0,MOBILE,HSPA,F SFR,[14072782],0,"[-107,-107]",-107.0,14072782,-1,10,208
1432228296308,20066,876,112,358240053594347,www.unige.ch,Http,"[5000,5000,4375]",5000.0,MOBILE,HSPA,F SFR,[14072782],0,"[-107,-107,-107]",-107.0,14072782,-1,10,208
1432228357037,20067,828,376,358240053594347,www.unige.ch,Http,"[107,134,253]",134.0,MOBILE,UMTS,F SFR,[14072782],0,[-107],-107.0,14072782,-1,10,208
1432228417269,20101,720,0,358240053594347,www.unige.ch,Http,"[5000,5000]",5000.0,MOBILE,HSPA,F SFR,[14072782],0,"[-107,-107,-107]",-107.0,14072782,-1,10,208
1432228478037,20069,1532,1192,358240053594347,www.unige.ch,Http,"[1814,1318,472]",1318.0,MOBILE,UMTS,F SFR,[14072782],0,"[-107,-107,-107]",-107.0,14072782,-1,10,208
1432228539029,20084,828,428,358240053594347,www.unige.ch,Http,"[138,119,111]",119.0,MOBILE,UMTS,F SFR,[14072782],0,"[-107,-107]",-107.0,14072782,-1,10,208
1432228661033,20058,952,540,358240053594347,www.unige.ch,Http,"[1867,252,171]",252.0,MOBILE,HSPA,F SFR,[14078699],0,"[-111,-111,-111]",-111.0,14078699,-1,10,208
1432228721212,20037,1304,728,358240053594347,www.unige.ch,Http,"[5000,1323,957]",1323.0,MOBILE,HSPA,F SFR,[14078699],0,"[-111,-111,-111]",-111.0,14078699,-1,10,208
1432228782029,20079,828,376,358240053594347,www.unige.ch,Http,"[128,128,118]",128.0,MOBILE,HSPA,F SFR,[14078699],0,"[-111,-111,-111]",-111.0,14078699,-1,10,208
1432228849025,20023,1378,909,358240053594347,www.unige.ch,Http,"[5000,1209,141]",1209.0,MOBILE,HSPA,F SFR,[14078699],0,"[-111,-111,-111]",-111.0,14078699,-1,10,208
1432228909038,20090,828,376,358240053594347,www.unige.ch,Http,"[111,113,121]",113.0,MOBILE,HSPA,F SFR,[14078699],0,"[-111,-111]",-111.0,14078699,-1,10,208
1432228980030,20080,9182,19753,358240053594347,www.unige.ch,Http,"[770,182,70]",182.0,MOBILE,HSPA,F SFR,[14078699],0,"[-111,-111]",-111.0,14078699,-1,10,208
1432229040072,20070,6902,28994,358240053594347,www.unige.ch,Http,"[3203,639,180]",639.0,MOBILE,HSPA,F SFR,[14078699],0,"[-111,-111]",-111.0,14078699,-1,10,208
1432229101033,20080,720,0,358240053594347,www.unige.ch,Http,"[5000,5000]",5000.0,MOBILE,HSPA,F SFR,[14078699],0,"[-111,-111]",-111.0,14078699,-1,10,208
1432229162033,20080,948,516,358240053594347,www.unige.ch,Http,"[130,297,619]",297.0,MOBILE,HSPA,F SFR,[14078699],0,[-111],-111.0,14078699,-1,10,208
1432229222066,20079,9844,6388,358240053594347,www.unige.ch,Http,"[5000,623,199]",623.0,MOBILE,HSPA,F SFR,"[14078699,14072782]",1,"[-111,-111,-101,-105]",-108.0,14072782,-1,10,208
1432229282134,21150,932,532,358240053594347,www.unige.ch,Http,"[120,120,135]",120.0,MOBILE,HSPA,F SFR,[14072782],0,[-105],-105.0,14072782,-1,10,208
1432229342197,20060,968,548,358240053594347,www.unige.ch,Http,"[743,5000,5000]",5000.0,MOBILE,HSPA,F SFR,[14072782],0,"[-105,-105]",-105.0,14072782,-1,10,208
1432229402434,20070,971,336,358240053594347,www.unige.ch,Http,"[2489,121,124]",124.0,MOBILE,UMTS,F SFR,[14072782],0,"[-105,-105,-105,-103,-103]",-105.0,14072782,-1,10,208
1432229462480,20074,828,376,358240053594347,www.unige.ch,Http,"[114,112,131]",114.0,MOBILE,HSPA,F SFR,[14072782],0,"[-103,-103]",-103.0,14072782,-1,10,208
1432229523036,20066,1300,768,358240053594347,www.unige.ch,Http,"[125,5000,3463]",3463.0,MOBILE,HSPA,F SFR,[14072782],0,[-103],-103.0,14072782,-1,10,208
1432229584035,20097,832,416,358240053594347,www.unige.ch,Http,"[5000,137,151]",151.0,MOBILE,HSPA,F SFR,[14072782],0,"[-103,-103,-103]",-103.0,14072782,-1,10,208
1432229650030,20070,828,376,358240053594347,www.unige.ch,Http,"[104,122,132]",122.0,MOBILE,HSPA,F SFR,[14072782],0,[-103],-103.0,14072782,-1,10,208
1432229710309,20070,720,0,358240053594347,www.unige.ch,Http,"[5000,5000]",5000.0,MOBILE,HSPA,F SFR,[14072782],0,[-103],-103.0,14072782,-1,10,208
1432229772031,20017,996,536,358240053594347,www.unige.ch,Http,"[5000,2541,130]",2541.0,MOBILE,HSPA,F SFR,[14072782],0,"[-103,-103,-103]",-103.0,14072782,-1,10,208
1432229832106,20086,1211,735,358240053594347,www.unige.ch,Http,"[145,115,120]",120.0,MOBILE,HSPA,F SFR,[14082117],0,"[-107,-107]",-107.0,14082117,-1,10,208
1432229902345,20066,1208,780,358240053594347,www.unige.ch,Http,"[5000,107,109]",109.0,MOBILE,HSPA,F SFR,[14082117],0,"[-107,-107,-107]",-107.0,14082117,-1,10,208
1432229963040,20071,1136,650,358240053594347,www.unige.ch,Http,"[101,105,101]",101.0,MOBILE,UMTS,F SFR,[14082117],0,"[-107,-107]",-107.0,14082117,-1,10,208
1432230024045,20079,720,0,358240053594347,www.unige.ch,Http,"[5000,5000]",5000.0,MOBILE,UMTS,F SFR,[14082117],0,[-107],-107.0,14082117,-1,10,208
1432230084277,20076,1124,652,358240053594347,www.unige.ch,Http,"[5000,2078,209]",2078.0,MOBILE,HSPA,F SFR,[14082117],0,[-107],-107.0,14082117,-1,10,208
1432230144388,20077,1380,180,358240053594347,www.unige.ch,Http,"[5000,5000]",5000.0,MOBILE,UMTS,F SFR,[14082117],0,"[-107,-107,-107]",-107.0,14082117,-1,10,208
1432230206045,20071,994,617,358240053594347,www.unige.ch,Http,"[134,148,137]",137.0,MOBILE,HSPA,F SFR,[14082117],0,[-107],-107.0,14082117,-1,10,208
1432230267112,20071,803,0,358240053594347,www.unige.ch,Http,"[5000,5000]",5000.0,MOBILE,HSPA,F SFR,[14082117],0,"[-107,-107,-107]",-107.0,14082117,-1,10,208
1432230327307,20008,2766,600,358240053594347,www.unige.ch,Http,"[5000,5000,5000]",5000.0,MOBILE,UMTS,F SFR,[14082117],0,"[-107,-107,-107]",-107.0,14082117,-1,10,208
1432230387513,20081,1502,0,358240053594347,www.unige.ch,Http,"[5000,5000]",5000.0,MOBILE,HSPA+,F SFR,[14082117],0,"[-107,-107]",-107.0,14082117,-1,10,208
1432230448037,20094,1328,680,358240053594347,www.unige.ch,Http,"[1500,644,1147]",1147.0,MOBILE,HSPA,F SFR,[14082117],0,[-107],-107.0,14082117,-1,10,208
1432230508252,20081,3338,1493,358240053594347,www.unige.ch,Http,"[116,115,127]",116.0,MOBILE,HSPA,F SFR,[14082117],0,[-107],-107.0,14082117,-1,10,208
1432230573628,20080,3801,2173,358240053594347,www.unige.ch,Http,"[5000,1068,1058]",1068.0,MOBILE,HSPA+,F SFR,[14082117],0,"[-107,-107]",-107.0,14082117,-1,10,208
1432230634035,20067,948,568,358240053594347,www.unige.ch,Http,"[308,177,177]",177.0,MOBILE,HSPA,F SFR,[14082117],0,[-107],-107.0,14082117,-1,10,208
1432230695038,20088,3086,4452,358240053594347,www.unige.ch,Http,"[95,119,131]",119.0,MOBILE,HSPA,F SFR,[14082117],0,"[-107,-107]",-107.0,14082117,-1,10,208
1432230755049,20105,4303,5073,358240053594347,www.unige.ch,Http,"[73,99,71]",73.0,MOBILE,HSPA,F SFR,[14082117],0,"[-103,-103,-103]",-103.0,14082117,-1,10,208
1432230826035,20084,6509,20394,358240053594347,www.unige.ch,Http,"[131,181,125]",131.0,MOBILE,HSPA,F SFR,[14082117],0,"[-103,-103]",-103.0,14082117,-1,10,208
1432230886061,20019,49681,87394,358240053594347,www.unige.ch,Http,"[118,123,118]",118.0,MOBILE,HSPA+,F SFR,[14072782],0,"[-85,-85,-89,-89,-89,-93,-97,-95,-97]",-89.0,14072782,-1,10,208
1432230961624,20014,10485,3104,358240053594347,www.unige.ch,Http,"[54,74,55]",55.0,MOBILE,HSPA+,F SFR,[14072782],0,"[-93,-95,-89,-89,-89,-89,-95,-93,-89,-89,-89,-93]",-89.0,14072782,-1,10,208
1432231021642,20031,173517,3185271,358240053594347,www.unige.ch,Http,"[129,104,125]",125.0,MOBILE,HSPA+,F SFR,[14072782],0,"[-89,-89,-85,-93,-91,-91,-91,-91]",-91.0,14072782,-1,10,208
1432231087042,20088,1263,672,358240053594347,www.unige.ch,Http,"[71,83,65]",71.0,MOBILE,HSPA,F SFR,[14072782],0,"[-101,-101]",-101.0,14072782,-1,10,208
1432231149036,20015,1096,656,358240053594347,www.unige.ch,Http,"[518,517,628]",518.0,MOBILE,HSPA,F SFR,[14072782],0,[-101],-101.0,14072782,-1,10,208
1432231209392,20075,828,376,358240053594347,www.unige.ch,Http,"[74,73,69]",73.0,MOBILE,HSPA,F SFR,[14072782],0,"[-101,-101]",-101.0,14072782,-1,10,208
1432231270035,20061,1456,1020,358240053594347,www.unige.ch,Http,"[641,841,906]",841.0,MOBILE,HSPA,F SFR,[14072782],0,[-101],-101.0,14072782,-1,10,208
1432231330062,20069,872,702,358240053594347,www.unige.ch,Http,"[70,77,80]",77.0,MOBILE,HSPA,F SFR,[14072782],0,"[-101,-101]",-101.0,14072782,-1,10,208
1432231393049,20034,828,428,358240053594347,www.unige.ch,Http,"[99,71,68]",71.0,MOBILE,HSPA,F SFR,[14072782],0,"[-101,-101]",-101.0,14072782,-1,10,208
1432231454044,20091,828,428,358240053594347,www.unige.ch,Http,"[65,80,73]",73.0,MOBILE,HSPA,F SFR,[14072782],0,"[-101,-101]",-101.0,14072782,-1,10,208
1432231514316,20088,920,571,358240053594347,www.unige.ch,Http,"[67,66,77]",67.0,MOBILE,HSPA,F SFR,[14072782],0,"[-101,-101]",-101.0,14072782,-1,10,208
1432231574488,20100,1112,620,358240053594347,www.unige.ch,Http,"[83,68,69]",69.0,MOBILE,HSPA,F SFR,[14072782],0,"[-101,-101]",-101.0,14072782,-1,10,208
1432231634582,20068,968,601,358240053594347,www.unige.ch,Http,"[68,60,70]",68.0,MOBILE,HSPA,F SFR,[14072782],0,"[-101,-101]",-101.0,14072782,-1,10,208
1432231695084,20016,1004,941,358240053594347,www.unige.ch,Http,"[149,61]",105.0,MOBILE,HSPA,F SFR,"[14072782,14082117,14082117]",2,"[-101,-101,85,-113,-113,-113]",-107.0,14082117,-1,10,208
1432231764282,20092,1476,920,358240053594347,www.unige.ch,Http,"[81,63,69]",69.0,MOBILE,HSPA,F SFR,[14082117],0,"[-113,-113]",-113.0,14082117,-1,10,208
1432231824374,20045,864,448,358240053594347,www.unige.ch,Http,"[121,119,115]",119.0,MOBILE,HSPA+,F SFR,"[14082117,14050479]",1,"[-103,-101,-101,-107,-107,-107,-107,-107]",-107.0,14050479,-1,10,208
1432231854912,21182,8588,1637,358240053594347,www.unige.ch,Http,"[5000,5000,117]",5000.0,MOBILE,HSPA,F SFR,[14082117],0,"[-109,-107,-107,-107,-109,-109,-107,-107,-107]",-107.0,14082117,-1,10,208
1432231885244,21186,8123,100126,358240053594347,www.unige.ch,Http,"[173,248,220]",220.0,MOBILE,HSPA+,F SFR,[14082117],0,"[-101,-101,-105,-99]",-101.0,14082117,-1,10,208
1432231947877,20085,1988,1581,358240053594347,www.unige.ch,Http,"[119,98,95]",98.0,MOBILE,HSPA,F SFR,[14082117],0,"[-99,-99]",-99.0,14082117,-1,10,208
1432232008097,20065,1150,650,358240053594347,www.unige.ch,Http,"[119,108,120]",119.0,MOBILE,HSPA,F SFR,[14082117],0,"[-99,-99,-99]",-99.0,14082117,-1,10,208
1432232068357,20019,1112,620,358240053594347,www.unige.ch,Http,"[70,78,61]",70.0,MOBILE,HSPA,F SFR,[14082117],0,"[-99,-99]",-99.0,14082117,-1,10,208
1432232135175,20018,1017,406,358240053594347,www.unige.ch,Http,"[1089,82,93]",93.0,MOBILE,HSPA,F SFR,[14082117],0,"[-99,-99,-99,-99]",-99.0,14082117,-1,10,208
1432232195423,20026,232,0,358240053594347,www.unige.ch,Http,[],0.0,MOBILE,UMTS,F SFR,"[14082117,14050479]",1,"[-99,-99,-97]",-99.0,14050479,-1,10,208
1432232253439,20064,3376,9020,358240053594347,www.unige.ch,Http,"[78,81,82]",81.0,MOBILE,UMTS,F SFR,"[14795376,14760120,14760120,14747964]",3,"[-87,-91,-91,-91]",-91.0,14747964,-1,10,208
1432232315321,20016,21071,21479,358240053594347,www.unige.ch,Http,"[513,577,623]",577.0,MOBILE,UMTS,F SFR,"[14747964,14760120,14760120,14747964,14763834]",4,"[-89,-91,-91,-99,-95,-95,-95]",-95.0,14763834,-1,10,208
1432232375347,20018,2627,0,358240053594347,www.unige.ch,Http,"[5000,5000]",5000.0,MOBILE,UMTS,F SFR,[14795376],0,"[-97,-101,-99,-97,-95,-95,-93]",-97.0,14795376,-1,10,208
1432232435367,20058,3563,0,358240053594347,www.unige.ch,Http,"[5000,5000]",5000.0,MOBILE,UMTS,F SFR,[14795376],0,"[-99,-99,-97,-95,-95,-95,-101]",-97.0,14795376,-1,10,208
1432232501890,21089,5985,0,358240053594347,www.unige.ch,Http,"[5000,5000,5000]",5000.0,MOBILE,UMTS,F SFR,[14795376],0,"[-101,-99,-95,-93]",-97.0,14795376,-1,10,208
1432232568676,20085,74931,337499,358240053594347,www.unige.ch,Http,"[93,82,83]",83.0,MOBILE,UMTS,F SFR,"[14795376,14760120,14795376,14747964]",3,"[-101,-95,-95,-87,-89,-87,-91,-95]",-93.0,14747964,-1,10,208
1432232628692,21139,94943,880553,358240053594347,www.unige.ch,Http,"[110,100,132]",110.0,MOBILE,HSPA+,F SFR,[14760120],0,"[-97,-93,-93,-95,-91,-93,-95,-95]",-94.0,14760120,-1,10,208
1432232688708,20130,12149,2248,358240053594347,www.unige.ch,Http,"[5000,5000,4724]",5000.0,MOBILE,UMTS,F SFR,"[14795376,14760120,14760120,14747964]",3,"[-93,-93,-95,-95,-97,-101,-101]",-95.0,14747964,-1,10,208
1432232748874,20028,22120,214026,358240053594347,www.unige.ch,Http,"[68,64,66]",66.0,MOBILE,HSPA+,F SFR,[14747964],0,"[-91,-91,-97,-93,-93,-93,-97,-97,-95]",-93.0,14747964,-1,10,208
1432232779274,21106,5884,3239,358240053594347,www.unige.ch,Http,"[135,145,123]",135.0,MOBILE,HSDPA,F SFR,"[14747964,14747964,14760120]",2,"[-91,-91,-87,-87,-91]",-91.0,14760120,-1,10,208
1432232847030,20066,1897,0,358240053594347,www.unige.ch,Http,"[5000,5000]",5000.0,MOBILE,UMTS,F SFR,[14760120],0,[-91],-91.0,14760120,-1,10,208
1432232907051,20079,2513,0,358240053594347,www.unige.ch,Http,"[5000,5000]",5000.0,MOBILE,UMTS,F SFR,[14760120],0,"[-91,-91]",-91.0,14760120,-1,10,208
1432233281109,20074,3616,3420,358240053594347,www.unige.ch,Http,"[5000,5000]",5000.0,MOBILE,EDGE,F SFR,[115],0,[-103],-103.0,115,10602,10,208
1432233341300,20068,1814,0,358240053594347,www.unige.ch,Http,"[5000,5000]",5000.0,MOBILE,EDGE,F SFR,[115],0,[-103],-103.0,115,10602,10,208
1432233401426,20180,1488,0,358240053594347,www.unige.ch,Http,"[5000,5000,5000]",5000.0,MOBILE,EDGE,F SFR,[115],0,[-103],-103.0,115,10602,10,208
1432233461464,20086,1226,0,358240053594347,www.unige.ch,Http,"[5000,5000]",5000.0,MOBILE,EDGE,F SFR,[115],0,[-103],-103.0,115,10602,10,208
1432233523030,20069,1546,0,358240053594347,www.unige.ch,Http,"[5000,5000]",5000.0,MOBILE,EDGE,F SFR,[115],0,[-105],-105.0,115,10602,10,208
1432233583347,20062,1672,0,358240053594347,www.unige.ch,Http,"[5000,5000]",5000.0,MOBILE,EDGE,F SFR,[115],0,[-105],-105.0,115,10602,10,208
1432233704040,20021,1436,0,358240053594347,www.unige.ch,Http,"[5000,5000]",5000.0,MOBILE,EDGE,F SFR,[115],0,[-105],-105.0,115,10602,10,208
1432233824063,20069,5205,3780,358240053594347,www.unige.ch,Http,"[5000,5000,4157]",5000.0,MOBILE,UNKNOWN,F SFR,"[-1,115]",1,"[85,-79,-79]",-79.0,115,10602,10,208
1432233884082,20110,1779,1065,358240053594347,www.unige.ch,Http,"[1717,2277,1756]",1756.0,MOBILE,GPRS,F SFR,[115],0,[-79],-79.0,115,10602,10,208
1432233944086,20063,988,560,358240053594347,www.unige.ch,Http,"[298,132,268]",268.0,MOBILE,UMTS,F SFR,[61764],0,"[-107,-107,-107,-107]",-107.0,61764,-1,10,208
1432234004099,20088,6392,1752,358240053594347,www.unige.ch,Http,"[553,557,584]",557.0,MOBILE,UMTS,F SFR,[61764],0,"[-107,-107,-107]",-107.0,61764,-1,10,208
1432234065021,20098,864,448,358240053594347,www.unige.ch,Http,"[593,568,568]",568.0,MOBILE,UMTS,F SFR,[61764],0,[-107],-107.0,61764,-1,10,208
1432234125032,20018,1527,60,358240053594347,www.unige.ch,Http,"[5000,5000,5000]",5000.0,MOBILE,UMTS,F SFR,[61764],0,"[-107,-107,-107]",-107.0,61764,-1,10,208
1432234185055,20086,864,448,358240053594347,www.unige.ch,Http,"[530,526,639]",530.0,MOBILE,UMTS,F SFR,[14759979],0,"[-109,-109]",-109.0,14759979,-1,10,208
1432234305255,20086,2476,0,358240053594347,www.unige.ch,Http,"[5000,5000]",5000.0,MOBILE,EDGE,F SFR,[115],0,[-99],-99.0,115,10602,10,208
1432234366029,20072,3621,2300,358240053594347,www.unige.ch,Http,"[5000,5000]",5000.0,MOBILE,UNKNOWN,F SFR,[115],0,"[-99,-101]",-100.0,115,10602,10,208
1432234667364,21260,1592,0,358240053594347,www.unige.ch,Http,"[5000,5000,5000]",5000.0,MOBILE,EDGE,F SFR,[115],0,[-103],-103.0,115,10602,10,208
1432234727640,20076,1670,0,358240053594347,www.unige.ch,Http,"[5000,5000]",5000.0,MOBILE,EDGE,F SFR,[115],0,[-103],-103.0,115,10602,10,208
1432234788032,20059,1531,0,358240053594347,www.unige.ch,Http,"[5000,5000]",5000.0,MOBILE,UNKNOWN,F SFR,"[115,115]",1,[85],85.0,115,10602,10,208
1432235789744,20063,1796,0,358240053594347,www.unige.ch,Http,"[5000,5000]",5000.0,MOBILE,UNKNOWN,F SFR,"[115,115]",1,[85],85.0,115,10602,10,208
1432236030134,20081,4371,2941,358240053594347,www.unige.ch,Http,[],0.0,MOBILE,UNKNOWN,F SFR,"[115,14759979]",1,"[85,-105,-105,-105,-105]",-105.0,14759979,-1,10,208
1432236091028,21184,4247,2628,358240053594347,www.unige.ch,Http,"[719,530,622]",622.0,MOBILE,UMTS,F SFR,[14759979],0,"[-105,-105,-105]",-105.0,14759979,-1,10,208
1432236157157,20071,5338,8681,358240053594347,www.unige.ch,Http,"[647,1006,234]",647.0,MOBILE,UMTS,F SFR,[14759979],0,"[-105,-105,-105,-105,-105,-105]",-105.0,14759979,-1,10,208
1432236217207,20067,12819,37471,358240053594347,www.unige.ch,Http,"[490,77,91]",91.0,MOBILE,UMTS,F SFR,[14759979],0,"[-105,-105,-105,-105,-105]",-105.0,14759979,-1,10,208
1432236277318,20079,988,612,358240053594347,www.unige.ch,Http,"[577,1348,940]",940.0,MOBILE,UMTS,F SFR,[14759979],0,[-105],-105.0,14759979,-1,10,208
1432236337414,20066,2109,1446,358240053594347,www.unige.ch,Http,"[141,110,89]",110.0,MOBILE,UMTS,F SFR,[14763701],0,"[-105,-105,-105,-105]",-105.0,14763701,-1,10,208
1432236398019,20073,820,428,358240053594347,www.unige.ch,Http,"[100,113,119]",113.0,MOBILE,UMTS,F SFR,[14763701],0,"[-105,-105,-105]",-105.0,14763701,-1,10,208
1432237361195,21208,3700,6342,358240053594347,www.unige.ch,Http,"[5000,5000,5000]",5000.0,MOBILE,EDGE,F SFR,[115],0,[-103],-103.0,115,10602,10,208
1432237422025,20077,1080,0,358240053594347,www.unige.ch,Http,"[5000,5000]",5000.0,MOBILE,UNKNOWN,F SFR,"[115,115]",1,[85],85.0,115,10602,10,208
1432237482038,20072,720,0,358240053594347,www.unige.ch,Http,"[5000,5000]",5000.0,MOBILE,UNKNOWN,F SFR,"[115,115]",1,[85],85.0,115,10602,10,208
1432238214290,20071,2064,0,358240053594347,www.unige.ch,Http,"[5000,5000]",5000.0,MOBILE,EDGE,F SFR,[115],0,[-99],-99.0,115,0,0,0
1432239864283,20111,6625,0,358240053594347,www.unige.ch,Http,[],0.0,MOBILE,UMTS,F SFR,"[14782636,14806554,14782636,14806554,14782636]",4,"[-89,-93,-93,-93,-93,-93,-93,-99]",-93.0,14782636,-1,10,208
1432239888021,21207,3348,0,358240053594347,www.unige.ch,Http,[],0.0,MOBILE,UMTS,F SFR,"[14806554,14806554,14782636,14806554,14782636,14795376]",5,"[-97,-91,-93,-93,-93,-99,-103,-95]",-94.0,14795376,-1,10,208
1432239890578,20023,2992,0,358240053594347,www.unige.ch,Http,[],0.0,MOBILE,UMTS,F SFR,"[14806554,14782636,14806554,14782636,14795376]",4,"[-91,-93,-93,-93,-99,-103,-95]",-93.0,14795376,-1,10,208
1432239950601,20023,16662,19879,358240053594347,www.unige.ch,Http,"[2096,503,973]",973.0,MOBILE,HSPA,F SFR,"[14787945,14050479,14072782]",2,"[-103,-101,-101,-101,-97,-97,-97,-95]",-99.0,14072782,-1,10,208
1432240010617,20016,5597,15859,358240053594347,www.unige.ch,Http,"[820,490,135]",490.0,MOBILE,HSPA+,F SFR,"[14082117,14747964]",1,"[-97,-103,-103,-97,-97,-99,-99,-95,-95,-91,-91]",-97.0,14747964,-1,10,208
1432240070630,20027,4240,4764,358240053594347,www.unige.ch,Http,"[57,78,79]",78.0,MOBILE,HSPA+,F SFR,[14082117],0,"[-89,-85,-85,-85,-85,-85,-91,-91,-91,-91]",-87.0,14082117,-1,10,208
1432240130661,20015,5670,16736,358240053594347,www.unige.ch,Http,"[124,128,81]",124.0,MOBILE,HSPA+,F SFR,[14082117],0,"[-97,-97,-93,-101,-101,-97,-103,-101,-109]",-101.0,14082117,-1,10,208
1432240190695,20043,3320,3774,358240053594347,www.unige.ch,Http,"[81,80,88]",81.0,MOBILE,HSPA+,F SFR,"[14082117,14050479,14072782]",2,"[-101,-97,-97,-91,-91,-99,-99,-93,-101]",-97.0,14072782,-1,10,208
1432240250746,20026,3268,3836,358240053594347,www.unige.ch,Http,"[79,76,75]",76.0,MOBILE,HSPA+,F SFR,[14072782],0,"[-89,-85,-77,-79,-87,-87,-87,-87,-83,-75]",-86.0,14072782,-1,10,208
1432240310790,20024,10878,17502,358240053594347,www.unige.ch,Http,"[66,56,57]",57.0,MOBILE,HSPA+,F SFR,[14072782],0,"[-77,-61,-59,-61,-59,-59,-59,-61,-51]",-59.0,14072782,-1,10,208
1432240370817,20039,4499,4911,358240053594347,www.unige.ch,Http,"[72,74,85]",74.0,MOBILE,HSPA+,F SFR,[14072781],0,"[-55,-67,-69,-71,-73,-69,-63,-69]",-69.0,14072781,-1,10,208
1432240430825,20022,3216,3616,358240053594347,www.unige.ch,Http,"[73,68,74]",73.0,MOBILE,HSPA+,F SFR,[14072781],0,"[-91,-83,-83,-83,-83,-89,-89,-85,-89,-81]",-84.0,14072781,-1,10,208
1432240490845,20040,3448,4676,358240053594347,www.unige.ch,Http,"[70,87,68]",70.0,MOBILE,HSPA+,F SFR,[14072781],0,"[-91,-91,-83,-83,-79,-79,-85,-85,-85,-85,-87]",-85.0,14072781,-1,10,208
1432240550886,20022,3268,3781,358240053594347,www.unige.ch,Http,"[68,74,55]",68.0,MOBILE,HSPA+,F SFR,[14072781],0,"[-85,-85,-87,-87,-89,-83,-85,-85,-89,-89,-83]",-85.0,14072781,-1,10,208
1432240610910,20026,3216,3719,358240053594347,www.unige.ch,Http,"[57,65,68]",65.0,MOBILE,HSPA+,F SFR,[14072781],0,"[-89,-79,-81,-77,-77,-87,-87,-87,-79]",-81.0,14072781,-1,10,208
1432240644843,21115,4184,4375,358240053594347,www.unige.ch,Http,"[74,57,74]",74.0,MOBILE,HSPA+,F SFR,"[14072781,14072781]",1,"[-83,-83,-83,-77,-79,-79,-81,-81,-85,-79]",-81.0,14072781,-1,10,208
1432240647418,20041,3320,3823,358240053594347,www.unige.ch,Http,"[55,56,87]",56.0,MOBILE,HSPA+,F SFR,[14072781],0,"[-83,-83,-77,-79,-79,-81,-81,-85,-79]",-81.0,14072781,-1,10,208
1432240709413,20032,3216,3703,358240053594347,www.unige.ch,Http,"[61,62,77]",62.0,MOBILE,HSPA+,F SFR,[14072781],0,"[-79,-81,-85,-83,-83,-83,-85,-79,-85,-85,-85]",-83.0,14072781,-1,10,208
1432240769423,20038,3268,3732,358240053594347,www.unige.ch,Http,"[67,57,58]",58.0,MOBILE,HSPA+,F SFR,[14072781],0,"[-81,-79,-79,-83,-83,-81,-79,-79,-79,-79,-77]",-79.0,14072781,-1,10,208
1432240829458,20077,3403,3918,358240053594347,www.unige.ch,Http,"[54,68,54]",54.0,MOBILE,HSPA+,F SFR,[14072781],0,"[-77,-79,-79,-79,-79,-77,-81,-81,-79,-79,-77,-77]",-79.0,14072781,-1,10,208
1432240889469,20035,3268,3784,358240053594347,www.unige.ch,Http,"[56,68,72]",68.0,MOBILE,HSPA+,F SFR,[14072781],0,"[-73,-81,-81,-81,-81,-81,-83,-81,-81,-81,-77,-81]",-81.0,14072781,-1,10,208
1432240945663,21345,10017,20696,358240053594347,www.unige.ch,Http,[],0.0,MOBILE,HSPA+,F SFR,[14072781],0,"[-83,-83,-83,-79,-79,-83,-79,-79,-77,-77,-75,-83]",-79.0,14072781,-1,10,208
1432240947974,20014,9377,19843,358240053594347,www.unige.ch,Http,"[73,88,51]",73.0,MOBILE,HSPA+,F SFR,[],-1,"[-83,-83,-79,-79,-83,-79,-79,-77,-77,-75,-83]",-79.0,,-1,10,208
1432241008003,20040,3384,3865,358240053594347,www.unige.ch,Http,"[66,55,73]",66.0,MOBILE,HSPA+,F SFR,[14072781],0,"[-85,-69,-63,-71,-59,-59,-67,-67,-67]",-67.0,14072781,-1,10,208
1432241068109,20036,4712,5412,358240053594347,www.unige.ch,Http,"[453,539,68]",453.0,MOBILE,HSPA+,F SFR,[14072781],0,"[-77,-77,-113,-85,-89,-89,-95,-95,-95,-89,-89]",-89.0,14072781,-1,10,208
1432241128123,20022,4744,5683,358240053594347,www.unige.ch,Http,"[876,76,66]",76.0,MOBILE,HSPA,F SFR,[14072781],0,"[-71,-87,-87,-87,-87,-91,-91,-97,-97,-93,-93]",-91.0,14072781,-1,10,208
1432241188143,20017,6189,10035,358240053594347,www.unige.ch,Http,"[4329,2149,1856]",2149.0,MOBILE,HSPA,F SFR,"[14072781,14025524]",1,"[-103,-105,-105,-105,-105,-105,-105,-103,-103,-103]",-105.0,14025524,-1,10,208
1432241248158,20025,7495,10392,358240053594347,www.unige.ch,Http,"[5000,5000,2407]",5000.0,MOBILE,UNKNOWN,F SFR,"[14025524,27401]",1,"[85,-87,-87,-87,-87,-87,-87,-89,-89,-99,-99,-105,-105,-105,-105]",-89.0,27401,10602,10,208
1432241308170,20014,10079,46067,358240053594347,www.unige.ch,Http,"[692,418,461]",461.0,MOBILE,EDGE,F SFR,[60957],0,"[-67,-71,-71,-81,-81,-87,-87,-79,-79,-71,-79]",-79.0,60957,10602,10,208
1432241368186,20016,4211,6126,358240053594347,www.unige.ch,Http,"[78,82,78]",78.0,MOBILE,UMTS,F SFR,[14793890],0,"[-73,-73,-75,-61,-59,-63,-71,-67,-63]",-67.0,14793890,-1,10,208
1432241428199,20023,4107,5324,358240053594347,www.unige.ch,Http,"[79,61,69]",69.0,MOBILE,HSPA+,F SFR,[14793886],0,"[-63,-63,-73,-73,-83,-69,-83,-71]",-72.0,14793886,-1,10,208
1432241488212,20014,2833,1505,358240053594347,www.unige.ch,Http,"[985,86,85]",86.0,MOBILE,UMTS,F SFR,"[14755956,14755956,14793886,14793886,14755956]",4,"[-99,-99,-99,-105,-105,-105,-105,-111,-111,-103,-103,-103,-103,-103]",-103.0,14755956,-1,10,208
1432241548233,20022,4700,2017,358240053594347,www.unige.ch,Http,"[130,131,141]",131.0,MOBILE,HSDPA,F SFR,[14755956],0,"[-101,-99,-99,-93,-99,-103,-103,-111,-111,-111,-107,-111,-111,-113]",-105.0,14755956,-1,10,208
1432241608287,20173,6695,975,358240053594347,www.unige.ch,Http,"[5000,5000]",5000.0,MOBILE,HSPA,F SFR,[14030228],0,[-111],-111.0,14030228,-1,10,208
1432241668305,20064,4841,2278,358240053594347,www.unige.ch,Http,"[5000,5000,2956]",5000.0,MOBILE,HSPA,F SFR,[14030228],0,[-113],-113.0,14030228,-1,10,208
1432242054817,20033,1682,0,358240053594347,www.unige.ch,Http,"[5000,5000]",5000.0,MOBILE,EDGE,F SFR,"[115,61120]",1,"[-83,-83,-83,-83]",-83.0,61120,10602,10,208
1432242115017,20066,1152,0,358240053594347,www.unige.ch,Http,"[5000,5000]",5000.0,MOBILE,EDGE,F SFR,[61120],0,"[-83,-89,-89]",-89.0,61120,10602,10,208
1432242175295,20083,864,0,358240053594347,www.unige.ch,Http,"[5000,5000]",5000.0,MOBILE,EDGE,F SFR,[61120],0,[-89],-89.0,61120,10602,10,208
1432242249145,21171,720,0,358240053594347,www.unige.ch,Http,"[5000,5000,5000]",5000.0,MOBILE,EDGE,F SFR,[61120],0,[-89],-89.0,61120,10602,10,208
1432242319913,20067,1340,0,358240053594347,www.unige.ch,Http,"[5000,5000]",5000.0,MOBILE,EDGE,F SFR,[61120],0,[-89],-89.0,61120,10602,10,208
1432242416049,20051,1523,0,358240053594347,www.unige.ch,Http,"[5000,5000]",5000.0,MOBILE,EDGE,F SFR,[61120],0,[-89],-89.0,61120,10602,10,208
1432242476205,20072,992,0,358240053594347,www.unige.ch,Http,"[5000,5000]",5000.0,MOBILE,EDGE,F SFR,[61120],0,[-89],-89.0,61120,10602,10,208
1432242536448,20071,720,0,358240053594347,www.unige.ch,Http,"[5000,5000]",5000.0,MOBILE,EDGE,F SFR,[61120],0,[-89],-89.0,61120,10602,10,208
1432242576165,20454,1307,0,358240053594347,www.unige.ch,Http,"[5000,5000,5000]",5000.0,MOBILE,UNKNOWN,F SFR,[27496],0,"[-77,-71,-61,-57,-65,-81,-85]",-71.0,27496,10602,10,208
1432242636229,20504,1480,0,358240053594347,www.unige.ch,Http,"[5000,5000,5000]",5000.0,MOBILE,UNKNOWN,F SFR,[17496],0,[-81],-81.0,17496,10602,10,208
1432242701099,20080,15864,21704,358240053594347,www.unige.ch,Http,"[5000,5000]",5000.0,MOBILE,UNKNOWN,F SFR,[17496],0,"[-81,-105,-99,-99,-99,-105]",-99.0,17496,10602,10,208
1432242761123,20071,864,448,358240053594347,www.unige.ch,Http,"[116,142,140]",140.0,MOBILE,HSPA,F SFR,[17496],0,"[-61,-61]",-61.0,17496,-1,10,208
1432242836088,20081,4339,4546,358240053594347,www.unige.ch,Http,"[562,5000,3019]",3019.0,MOBILE,UNKNOWN,F SFR,[14751128],0,"[-113,-113,-113,-113,-113]",-113.0,14751128,-1,10,208
1432242887158,20101,968,720,358240053594347,www.unige.ch,Http,"[983,546,524]",546.0,MOBILE,UMTS,F SFR,[14747330],0,"[-91,-97,-97,-97,-97]",-97.0,14747330,-1,10,208
1432242947219,20221,916,585,358240053594347,www.unige.ch,Http,"[644,560,585]",585.0,MOBILE,UMTS,F SFR,[14747330],0,[-97],-97.0,14747330,-1,10,208
1432243007281,20101,1030,637,358240053594347,www.unige.ch,Http,"[510,536,521]",521.0,MOBILE,UMTS,F SFR,[14747330],0,[-97],-97.0,14747330,-1,10,208
1432243087723,20070,864,500,358240053594347,www.unige.ch,Http,"[518,551,571]",551.0,MOBILE,UMTS,F SFR,[14747330],0,[-97],-97.0,14747330,-1,10,208
1432243147878,20073,2828,1518,358240053594347,www.unige.ch,Http,"[502,576,508]",508.0,MOBILE,UMTS,F SFR,[14747330],0,"[-97,-97,-97]",-97.0,14747330,-1,10,208
1432243207985,20017,864,448,358240053594347,www.unige.ch,Http,"[545,565,596]",565.0,MOBILE,UMTS,F SFR,[14747330],0,[-97],-97.0,14747330,-1,10,208
1432243268207,20081,864,500,358240053594347,www.unige.ch,Http,"[525,550,583]",550.0,MOBILE,UMTS,F SFR,[14747330],0,[-97],-97.0,14747330,-1,10,208
1432243328428,20067,916,500,358240053594347,www.unige.ch,Http,"[519,535,667]",535.0,MOBILE,UMTS,F SFR,[14747330],0,[-97],-97.0,14747330,-1,10,208
1432243388663,21170,4447,13484,358240053594347,www.unige.ch,Http,"[86,160,80]",86.0,MOBILE,UMTS,F SFR,[14747330],0,"[-97,-97,-97]",-97.0,14747330,-1,10,208
1432243471843,20061,864,448,358240053594347,www.unige.ch,Http,"[522,528,546]",528.0,MOBILE,UMTS,F SFR,[14747330],0,[-97],-97.0,14747330,-1,10,208
1432243531914,20051,1704,1348,358240053594347,www.unige.ch,Http,"[508,524,551]",524.0,MOBILE,UMTS,F SFR,[14747330],0,"[-97,-97,-97]",-97.0,14747330,-1,10,208
1432243618556,20061,1248,864,358240053594347,www.unige.ch,Http,"[499,520,526]",520.0,MOBILE,UMTS,F SFR,[14747330],0,"[-97,-97,-97]",-97.0,14747330,-1,10,208
1432243678617,20085,828,376,358240053594347,www.unige.ch,Http,"[53,63,78]",63.0,MOBILE,UMTS,F SFR,[14747330],0,"[-97,-97,-97]",-97.0,14747330,-1,10,208
1432243751523,20084,1247,755,358240053594347,www.unige.ch,Http,"[77,59,65]",65.0,MOBILE,HSPA,F SFR,[14747330],0,"[-97,-97]",-97.0,14747330,-1,10,208
1432243811575,20070,1112,620,358240053594347,www.unige.ch,Http,"[85,67,67]",67.0,MOBILE,HSPA,F SFR,[14747330],0,"[-97,-97]",-97.0,14747330,-1,10,208
1432243871650,20064,1112,620,358240053594347,www.unige.ch,Http,"[68,150,145]",145.0,MOBILE,HSPA,F SFR,[14747330],0,"[-97,-97]",-97.0,14747330,-1,10,208
1432243931718,20077,1112,620,358240053594347,www.unige.ch,Http,"[84,61,77]",77.0,MOBILE,HSPA,F SFR,[14747330],0,"[-97,-97]",-97.0,14747330,-1,10,208
1432243991788,20018,1112,672,358240053594347,www.unige.ch,Http,"[73,84,72]",73.0,MOBILE,HSPA,F SFR,[14747330],0,"[-97,-97]",-97.0,14747330,-1,10,208
1432244061362,20061,1247,755,358240053594347,www.unige.ch,Http,"[87,116,83]",87.0,MOBILE,HSPA,F SFR,[14747330],0,"[-97,-97]",-97.0,14747330,-1,10,208
1432244121427,20065,1610,1181,358240053594347,www.unige.ch,Http,"[65,66,67]",66.0,MOBILE,HSPA,F SFR,[14747330],0,"[-97,-97,-97]",-97.0,14747330,-1,10,208
1432244181508,20104,1112,620,358240053594347,www.unige.ch,Http,"[83,79,66]",79.0,MOBILE,HSPA,F SFR,[14747330],0,"[-97,-97]",-97.0,14747330,-1,10,208
1432244241577,20017,828,376,358240053594347,www.unige.ch,Http,"[77,107,81]",81.0,MOBILE,HSPA,F SFR,[14747330],0,"[-97,-97]",-97.0,14747330,-1,10,208
1432244301682,20070,828,376,358240053594347,www.unige.ch,Http,"[66,76,75]",75.0,MOBILE,HSPA,F SFR,[14747330],0,"[-97,-97]",-97.0,14747330,-1,10,208
1432244361779,20081,828,376,358240053594347,www.unige.ch,Http,"[69,67,73]",69.0,MOBILE,HSPA,F SFR,[14747330],0,[-97],-97.0,14747330,-1,10,208
1432244433420,20099,8908,8005,358240053594347,www.unige.ch,Http,"[196,118,113]",118.0,MOBILE,HSPA,F SFR,[14747330],0,"[-97,-97]",-97.0,14747330,-1,10,208
1432244493538,20197,1112,568,358240053594347,www.unige.ch,Http,"[78,61,60]",61.0,MOBILE,HSPA,F SFR,[14747330],0,"[-97,-97]",-97.0,14747330,-1,10,208
1432244553613,20060,828,376,358240053594347,www.unige.ch,Http,"[64,61,91]",64.0,MOBILE,HSPA,F SFR,[14747330],0,"[-97,-97,-97]",-97.0,14747330,-1,10,208
1432244613713,20079,768,376,358240053594347,www.unige.ch,Http,"[82,123,130]",123.0,MOBILE,UMTS,F SFR,[14747330],0,"[-97,-97]",-97.0,14747330,-1,10,208
1432244673812,20095,1172,843,358240053594347,www.unige.ch,Http,"[673,566,568]",568.0,MOBILE,UMTS,F SFR,[14747330],0,"[-97,-97,-97]",-97.0,14747330,-1,10,208
1432244733868,20058,1710,1253,358240053594347,www.unige.ch,Http,"[523,501,528]",523.0,MOBILE,UMTS,F SFR,[14747330],0,"[-97,-97,-97]",-97.0,14747330,-1,10,208
1432244793936,20067,864,552,358240053594347,www.unige.ch,Http,"[518,588,521]",521.0,MOBILE,UMTS,F SFR,[14747330],0,[-97],-97.0,14747330,-1,10,208
1432244872795,20092,6700,8155,358240053594347,www.unige.ch,Http,"[81,79,153]",81.0,MOBILE,UMTS,F SFR,[14747330],0,"[-97,-97,-97]",-97.0,14747330,-1,10,208
1432244961399,20066,916,583,358240053594347,www.unige.ch,Http,"[634,534,509]",534.0,MOBILE,UMTS,F SFR,[14747330],0,[-97],-97.0,14747330,-1,10,208
1432245021478,20066,1542,633,358240053594347,www.unige.ch,Http,"[498,947,531]",531.0,MOBILE,UMTS,F SFR,[14747330],0,[-97],-97.0,14747330,-1,10,208
1432245081550,20044,864,448,358240053594347,www.unige.ch,Http,"[515,527,575]",527.0,MOBILE,UMTS,F SFR,[14747330],0,[-97],-97.0,14747330,-1,10,208
1432245153495,21127,1112,568,358240053594347,www.unige.ch,Http,"[558,546,1031]",558.0,MOBILE,UMTS,F SFR,[14747330],0,[-97],-97.0,14747330,-1,10,208
1432245201283,20032,23317,14547,358240053594347,www.unige.ch,Http,"[88,70,86]",86.0,MOBILE,UMTS,F SFR,[14747330],0,"[-95,-95,-95,-95,-91,-91,-91,-91]",-93.0,14747330,-1,10,208
