1427988339650,1427988339613,1427988339625,user_notified,1
1427988400361,1427988400347,1427988400352,user_notified,1
1427988464140,1427988464121,1427988464126,user_notified,1
1427988525936,1427988525900,1427988525905,user_notified,1
1427988587858,1427988587836,1427988587844,user_notified,1
1427988648177,1427988648161,1427988648165,user_notified,1
1427988768952,1427988768936,1427988768942,user_notified,1
1427989648407,1427989648374,1427989648374,subject_20_c2,2>1>6>5
1427989648447,1427989648374,1427989648377,full_c2,2>1>5>6
1427989648451,1427989648374,1427989648378,subject_50_c2,2>1>5>6
1427989648455,1427989648374,1427989648379,subject_10_c2,2>1>5>6
1427989648459,1427989648374,1427989648380,subject_20_c1,6>5>1>2
1427989648465,1427989648374,1427989648381,population_c2,6>5>1>2
1427989648470,1427989648374,1427989648382,population_c1,6>5>1>2
1427989648475,1427989648374,1427989648383,subject_50_c1,6>5>1>2
1427989648477,1427989648374,1427989648384,majority_vote,6>5>1>2
1427989648479,1427989648374,1427989648385,subject_10_c1,6>5>1>2
1427989648482,1427989648374,1427989648387,full_c1,2>1>5>6
1427989648485,1427989648374,1427989648388,user_input,2>1>5>6
1427990750800,1427990750782,1427990750785,user_notified,-2
1427990811304,1427990811283,1427990811291,user_notified,-2
1427992789050,1427992788936,1427992788940,user_notified,-2
1427992967273,1427992967253,1427992967257,user_notified,-2
1427994537389,1427994537364,1427994537373,user_notified,-2
1427994603642,1427994603625,1427994603629,user_notified,-2
1428047603423,1428047603386,1428047603399,user_notified,1
1428049491353,1428049491336,1428049491342,user_notified,1
1428049526812,1428049526792,1428049526792,subject_20_c2,6>5>1>2
1428049526835,1428049526792,1428049526793,full_c2,2>1>5>6
1428049526839,1428049526792,1428049526794,subject_50_c2,6>5>1>2
1428049526842,1428049526792,1428049526794,subject_10_c2,6>5>1>2
1428049526844,1428049526792,1428049526795,subject_20_c1,2>1>5>6
1428049526848,1428049526792,1428049526795,population_c2,6>5>1>2
1428049526851,1428049526792,1428049526796,population_c1,2>1>5>6
1428049526857,1428049526792,1428049526796,subject_50_c1,2>1>5>6
1428049526869,1428049526792,1428049526798,majority_vote,2>1>5>6
1428049526888,1428049526792,1428049526800,subject_10_c1,2>1>5>6
1428049526891,1428049526792,1428049526801,full_c1,2>1>5>6
1428049526893,1428049526792,1428049526801,user_input,2>1>5>6
1428049914025,1428049913990,1428049914004,user_notified,-2
1428050032863,1428050032847,1428050032853,user_notified,-2
1428051810840,1428051810807,1428051810818,user_notified,-2
1428051879051,1428051879018,1428051879030,user_notified,-2
1428051991061,1428051991033,1428051991045,user_notified,-2
1428053849478,1428053849463,1428053849467,user_notified,-2
1428055453869,1428055453852,1428055453857,user_notified,-2
1428055576006,1428055575988,1428055575992,user_notified,-2
1428055757502,1428055757484,1428055757487,user_notified,-2
1428057229798,1428057229785,1428057229789,user_notified,-2
1428057293763,1428057293745,1428057293752,user_notified,-2
1428057533791,1428057533776,1428057533782,user_notified,-2
1428057954257,1428057954243,1428057954248,user_notified,-2
1428058014616,1428058014602,1428058014606,user_notified,-2
1428058074559,1428058074544,1428058074551,user_notified,-2
1428058134780,1428058134767,1428058134770,user_notified,-2
1428058197309,1428058197293,1428058197298,user_notified,-2
1428058258647,1428058258630,1428058258634,user_notified,-2
1428058317773,1428058317758,1428058317763,user_notified,-2
1428059751226,1428059751190,1428059751190,stress_survey,4-4-3
1428062123564,1428062123544,1428062123548,user_notified,1
1428063720228,1428063720211,1428063720216,user_notified,1
1428064212369,1428064212355,1428064212359,user_notified,1
1428064272500,1428064272484,1428064272488,user_notified,1
1428064332733,1428064332718,1428064332722,user_notified,1
1428066365246,1428066365229,1428066365236,user_notified,1
1428066550182,1428066550163,1428066550168,user_notified,1
1428066909209,1428066909190,1428066909196,user_notified,1
1428067077662,1428067077636,1428067077636,subject_20_c2,6>5>1>2
1428067077695,1428067077636,1428067077637,full_c2,6>5>1>2
1428067077698,1428067077636,1428067077638,subject_50_c2,6>5>1>2
1428067077700,1428067077636,1428067077639,subject_10_c2,6>5>1>2
1428067077711,1428067077636,1428067077639,subject_20_c1,6>5>1>2
1428067077720,1428067077636,1428067077640,population_c2,6>5>1>2
1428067077725,1428067077636,1428067077640,population_c1,6>5>1>2
1428067077730,1428067077636,1428067077641,subject_50_c1,6>5>1>2
1428067077733,1428067077636,1428067077641,majority_vote,6>5>1>2
1428067077736,1428067077636,1428067077641,subject_10_c1,6>5>1>2
1428067077739,1428067077636,1428067077642,full_c1,6>5>1>2
1428067077742,1428067077636,1428067077643,user_input,5>6>2>1
1428067760546,1428067760521,1428067760528,user_notified,-2
1428067825400,1428067825373,1428067825376,user_notified,-2
1428067893623,1428067893610,1428067893614,user_notified,-2
1428068075684,1428068075664,1428068075670,user_notified,-2
1428068136770,1428068136756,1428068136761,user_notified,-2
1428068292459,1428068292343,1428068292346,stress_survey,4-4-2
1428585762786,1428585762737,1428585762747,stress_survey,4-4-2
1428594071281,1428594071252,1428594071261,user_notified,-2
1428596819815,1428596819789,1428596819789,stress_survey,3-3-2
1428609976838,1428609976814,1428609976818,user_notified,-2
1428610233289,1428610233276,1428610233278,user_notified,-2
1428679274473,1428679274447,1428679274456,user_notified,-2
1428682523968,1428682523944,1428682523949,user_notified,-2
1428760017061,1428760017009,1428760017024,stress_survey,4-4-1
1428764849445,1428764849427,1428764849431,user_notified,-2
1428765413075,1428765413060,1428765413064,user_notified,-2
1428767667477,1428767667460,1428767667462,user_notified,-2
1428767968075,1428767968061,1428767968065,user_notified,-2
1428768088407,1428768088395,1428768088397,user_notified,-2
1428843519002,1428843518978,1428843518983,user_notified,-2
1428864866248,1428864866225,1428864866228,user_notified,-2
1428876759079,1428876759064,1428876759068,user_notified,-2
1428876879302,1428876879288,1428876879291,user_notified,-2
1428913916611,1428913916555,1428913916560,stress_survey,3-3-2
1428924764340,1428924764295,1428924764295,stress_survey,4-4-2
1428935844111,1428935844086,1428935844087,stress_survey,3-4-2
1428947839857,1428947839810,1428947839814,stress_survey,2-4-2
1428951216065,1428951216046,1428951216049,user_notified,-2
1428953292662,1428953292647,1428953292649,user_notified,-2
1429009328385,1429009328342,1429009328347,stress_survey,5-4-2
1429020050835,1429020050803,1429020050803,stress_survey,3-4-2
1429024681961,1429024681939,1429024681945,user_notified,-2
1429024742335,1429024742317,1429024742319,user_notified,-2
1429024867501,1429024867482,1429024867485,user_notified,-2
1429029317002,1429029316989,1429029316990,user_notified,-2
1429029378229,1429029378211,1429029378214,user_notified,-2
1429029438339,1429029438326,1429029438329,user_notified,-2
1429030858751,1429030858711,1429030858713,stress_survey,3-4-2
1429031609245,1429031609231,1429031609233,user_notified,-2
1429081278173,1429081278153,1429081278161,user_notified,-2
1429099219315,1429099219263,1429099219265,stress_survey,4-4-2
1429109868194,1429109868150,1429109868152,stress_survey,5-4-3
1429134526369,1429134526351,1429134526358,user_notified,-2
1429135926406,1429135926385,1429135926389,user_notified,-2
1429136151135,1429136151120,1429136151122,user_notified,-2
1429166986051,1429166986015,1429166986030,user_notified,-2
1429174561297,1429174561244,1429174561246,stress_survey,4-4-2
1429184612059,1429184612021,1429184612023,stress_survey,4-4-3
1429196721428,1429196721370,1429196721372,stress_survey,4-4-2
1429200573482,1429200573424,1429200573463,user_notified,1
1429200841921,1429200841904,1429200841904,subject_20_c2,6>5>1>2
1429200841946,1429200841904,1429200841904,full_c2,2>1>5>6
1429200841957,1429200841904,1429200841905,subject_50_c2,6>5>1>2
1429200841962,1429200841904,1429200841905,subject_10_c2,6>5>1>2
1429200841965,1429200841904,1429200841906,subject_20_c1,2>1>5>6
1429200841975,1429200841904,1429200841907,population_c2,6>5>1>2
1429200841980,1429200841904,1429200841907,population_c1,2>1>5>6
1429200841983,1429200841904,1429200841907,subject_50_c1,2>1>5>6
1429200841986,1429200841904,1429200841908,majority_vote,2>1>5>6
1429200841989,1429200841904,1429200841908,subject_10_c1,2>1>5>6
1429200841991,1429200841904,1429200841909,full_c1,2>1>5>6
1429200841996,1429200841904,1429200841910,user_input,2>1>5>6
1429203516757,1429203516730,1429203516735,user_notified,-2
1429203698006,1429203697992,1429203697995,user_notified,-2
1429206266923,1429206266882,1429206266887,user_notified,-2
1429207080357,1429207080331,1429207080340,user_notified,-2
1429211559552,1429211559491,1429211559491,subject_20_c2,6>5>1>2
1429211559585,1429211559491,1429211559495,full_c2,2>1>5>6
1429211559591,1429211559491,1429211559502,subject_50_c2,6>5>1>2
1429211559596,1429211559491,1429211559503,subject_10_c2,6>5>1>2
1429211559599,1429211559491,1429211559507,subject_20_c1,2>1>5>6
1429211559603,1429211559491,1429211559509,population_c2,6>5>1>2
1429211559613,1429211559491,1429211559519,population_c1,2>1>5>6
1429211559616,1429211559491,1429211559521,subject_50_c1,2>1>5>6
1429211559621,1429211559491,1429211559522,majority_vote,2>1>5>6
1429211559625,1429211559491,1429211559523,subject_10_c1,2>1>5>6
1429211559630,1429211559491,1429211559523,full_c1,2>1>5>6
1429211559634,1429211559491,1429211559524,user_input,1>2>5>6
1429253122296,1429253122268,1429253122277,user_notified,1
1429253306063,1429253306041,1429253306046,user_notified,1
1429253925851,1429253925838,1429253925841,user_notified,1
1429254319688,1429254319674,1429254319674,subject_20_c2,6>5>1>2
1429254319715,1429254319674,1429254319674,full_c2,6>5>1>2
1429254319720,1429254319674,1429254319675,subject_50_c2,6>5>1>2
1429254319724,1429254319674,1429254319675,subject_10_c2,6>5>1>2
1429254319733,1429254319674,1429254319676,subject_20_c1,6>5>1>2
1429254319737,1429254319674,1429254319676,population_c2,6>5>1>2
1429254319741,1429254319674,1429254319677,population_c1,6>5>1>2
1429254319748,1429254319674,1429254319677,subject_50_c1,6>5>1>2
1429254319751,1429254319674,1429254319677,majority_vote,6>5>1>2
1429254319753,1429254319674,1429254319678,subject_10_c1,6>5>1>2
1429254319756,1429254319674,1429254319678,full_c1,6>5>1>2
1429254319758,1429254319674,1429254319679,user_input,2>1>5>6
1429255438391,1429255438361,1429255438377,user_notified,-2
1429255497410,1429255497395,1429255497400,user_notified,-2
1429255558243,1429255558227,1429255558233,user_notified,-2
1429255884594,1429255884579,1429255884582,user_notified,-2
1429256007021,1429256007003,1429256007009,user_notified,-2
1429256191222,1429256191204,1429256191208,user_notified,-2
1429256313841,1429256313828,1429256313832,user_notified,-2
1429256374930,1429256374909,1429256374915,user_notified,-2
1429256497491,1429256497476,1429256497480,user_notified,-2
1429258199065,1429258199052,1429258199055,user_notified,-2
1429261084821,1429261084804,1429261084809,user_notified,-2
1429261146269,1429261146253,1429261146258,user_notified,-2
1429261390015,1429261389998,1429261390002,user_notified,-2
1429261511522,1429261511506,1429261511511,user_notified,-2
1429261630163,1429261630150,1429261630153,user_notified,-2
1429261772511,1429261772497,1429261772501,user_notified,-2
1429262017278,1429262017185,1429262017192,user_notified,-2
1429262323697,1429262323420,1429262323426,user_notified,-2
1429262750596,1429262750569,1429262750587,user_notified,-2
1429263296618,1429263296601,1429263296606,user_notified,-2
1429263643454,1429263643440,1429263643445,user_notified,-2
1429263890401,1429263890382,1429263890387,user_notified,-2
1429264017387,1429264017373,1429264017377,user_notified,-2
1429264196686,1429264196672,1429264196676,user_notified,-2
1429264621528,1429264621513,1429264621517,user_notified,-2
1429264697761,1429264697743,1429264697750,user_notified,-2
1429264761185,1429264761172,1429264761175,user_notified,-2
1429264883452,1429264883439,1429264883442,user_notified,-2
1429265129059,1429265129039,1429265129048,user_notified,1
1429265196298,1429265196284,1429265196288,user_notified,1
1429265212795,1429265212779,1429265212779,subject_20_c2,6>5>2>1
1429265212837,1429265212779,1429265212780,full_c2,6>5>1>2
1429265212842,1429265212779,1429265212781,subject_50_c2,6>5>1>2
1429265212847,1429265212779,1429265212781,subject_10_c2,6>5>1>2
1429265212852,1429265212779,1429265212782,subject_20_c1,6>5>1>2
1429265212855,1429265212779,1429265212782,population_c2,6>5>1>2
1429265212858,1429265212779,1429265212782,population_c1,6>5>1>2
1429265212861,1429265212779,1429265212783,subject_50_c1,6>5>1>2
1429265212864,1429265212779,1429265212783,majority_vote,6>5>1>2
1429265212866,1429265212779,1429265212784,subject_10_c1,6>5>1>2
1429265212869,1429265212779,1429265212784,full_c1,6>5>1>2
1429265212872,1429265212779,1429265212785,user_input,2>1>5>6
1429266119969,1429266119955,1429266119959,user_notified,-2
1429266182039,1429266182022,1429266182026,user_notified,-2
1429266634065,1429266634044,1429266634044,subject_20_c2,6>5>2>1
1429266634108,1429266634044,1429266634045,full_c2,6>5>1>2
1429266634183,1429266634044,1429266634046,subject_50_c2,6>5>1>2
1429266634187,1429266634044,1429266634047,subject_10_c2,6>5>1>2
1429266634189,1429266634044,1429266634048,subject_20_c1,6>5>1>2
1429266634193,1429266634044,1429266634049,population_c2,6>5>1>2
1429266634197,1429266634044,1429266634049,population_c1,6>5>1>2
1429266634200,1429266634044,1429266634050,subject_50_c1,6>5>1>2
1429266634203,1429266634044,1429266634050,majority_vote,6>5>1>2
1429266634206,1429266634044,1429266634051,subject_10_c1,6>5>1>2
1429266634209,1429266634044,1429266634053,full_c1,6>5>1>2
1429266634212,1429266634044,1429266634053,user_input,2>1>5>6
1429266730031,1429266730012,1429266730017,user_notified,-2
1429266848984,1429266848969,1429266848973,user_notified,-2
1429266909896,1429266909877,1429266909884,user_notified,-2
1429266968677,1429266968660,1429266968663,user_notified,-2
1429267149186,1429267149173,1429267149177,user_notified,-2
1429267209321,1429267209304,1429267209309,user_notified,-2
1429267449519,1429267449505,1429267449509,user_notified,-2
1429267570722,1429267570708,1429267570712,user_notified,-2
1429267630833,1429267630819,1429267630824,user_notified,-2
1429268063515,1429268063496,1429268063505,user_notified,-2
1429268124606,1429268124592,1429268124596,user_notified,-2
1429268427400,1429268427386,1429268427390,user_notified,-2
1429268488440,1429268488424,1429268488429,user_notified,-2
1429269896992,1429269896978,1429269896981,user_notified,-2
1429271590779,1429271590765,1429271590769,user_notified,-2
1429272646903,1429272646888,1429272646892,user_notified,-2
1429272871815,1429272871799,1429272871806,user_notified,-2
1429276430570,1429276430552,1429276430557,user_notified,-2
1429276552645,1429276552626,1429276552631,user_notified,-2
1429276859230,1429276859211,1429276859211,subject_20_c2,6>5>2>1
1429276859267,1429276859211,1429276859213,full_c2,6>5>1>2
1429276859272,1429276859211,1429276859214,subject_50_c2,6>5>1>2
1429276859280,1429276859211,1429276859214,subject_10_c2,6>5>1>2
1429276859285,1429276859211,1429276859215,subject_20_c1,6>5>1>2
1429276859291,1429276859211,1429276859215,population_c2,6>5>1>2
1429276859298,1429276859211,1429276859216,population_c1,6>5>1>2
1429276859305,1429276859211,1429276859216,subject_50_c1,6>5>1>2
1429276859308,1429276859211,1429276859217,majority_vote,6>5>1>2
1429276859311,1429276859211,1429276859217,subject_10_c1,6>5>1>2
1429276859314,1429276859211,1429276859217,full_c1,6>5>1>2
1429276859316,1429276859211,1429276859218,user_input,2>1>5>6
1429279927386,1429279927365,1429279927369,user_notified,-2
1429279987227,1429279987213,1429279987217,user_notified,-2
1429280368193,1429280368174,1429280368180,user_notified,-2
1429281874794,1429281874780,1429281874783,user_notified,-2
1429283707972,1429283707957,1429283707961,user_notified,-2
1429284696847,1429284696826,1429284696833,user_notified,-2
1429285782086,1429285782061,1429285782074,user_notified,-2
1429288039303,1429288039281,1429288039290,user_notified,1
1429288100642,1429288100622,1429288100628,user_notified,1
1429288226683,1429288226665,1429288226670,user_notified,1
1429288408718,1429288408705,1429288408709,user_notified,1
1429288432232,1429288432214,1429288432214,subject_20_c2,6>5>1>2
1429288432286,1429288432214,1429288432215,full_c2,6>5>1>2
1429288432291,1429288432214,1429288432216,subject_50_c2,6>5>1>2
1429288432298,1429288432214,1429288432216,subject_10_c2,6>5>1>2
1429288432303,1429288432214,1429288432216,subject_20_c1,6>5>1>2
1429288432308,1429288432214,1429288432217,population_c2,6>5>1>2
1429288432317,1429288432214,1429288432217,population_c1,6>5>1>2
1429288432322,1429288432214,1429288432218,subject_50_c1,6>5>1>2
1429288432330,1429288432214,1429288432218,majority_vote,6>5>1>2
1429288432333,1429288432214,1429288432218,subject_10_c1,6>5>1>2
1429288432336,1429288432214,1429288432219,full_c1,6>5>1>2
1429288432344,1429288432214,1429288432219,user_input,2>1>5>6
1429288538931,1429288538916,1429288538921,user_notified,-2
1429288906409,1429288906394,1429288906398,user_notified,-2
1429289029299,1429289029284,1429289029289,user_notified,-2
1429289822834,1429289822788,1429289822801,user_notified,-2
1429289883994,1429289883962,1429289883977,user_notified,-2
1429290310878,1429290310847,1429290310853,user_notified,-2
1429291623691,1429291623674,1429291623679,user_notified,-2
1429292824904,1429292824888,1429292824894,user_notified,-2
1429293861349,1429293861316,1429293861326,user_notified,-2
1429295025678,1429295025636,1429295025636,subject_20_c2,6>5>1>2
1429295025741,1429295025636,1429295025642,full_c2,6>5>1>2
1429295025748,1429295025636,1429295025643,subject_50_c2,6>5>1>2
1429295025753,1429295025636,1429295025643,subject_10_c2,6>5>1>2
1429295025758,1429295025636,1429295025644,subject_20_c1,6>5>1>2
1429295025762,1429295025636,1429295025645,population_c2,6>5>1>2
1429295025767,1429295025636,1429295025646,population_c1,6>5>1>2
1429295025772,1429295025636,1429295025646,subject_50_c1,6>5>1>2
1429295025778,1429295025636,1429295025647,majority_vote,6>5>1>2
1429295025783,1429295025636,1429295025648,subject_10_c1,6>5>1>2
1429295025788,1429295025636,1429295025649,full_c1,6>5>1>2
1429295025793,1429295025636,1429295025658,user_input,6>5>2>1
1429295241814,1429295241783,1429295241790,user_notified,-2
1429295421098,1429295421070,1429295421077,user_notified,-2
1429295599130,1429295599113,1429295599119,user_notified,-2
1429295779830,1429295779815,1429295779820,user_notified,-2
1429295840333,1429295840318,1429295840325,user_notified,-2
1429295900334,1429295900320,1429295900324,user_notified,-2
1429296151716,1429296151699,1429296151702,user_notified,-2
1429299647614,1429299647593,1429299647605,user_notified,-2
1429299717668,1429299717648,1429299717654,user_notified,-2
1429300388294,1429300388279,1429300388283,user_notified,-2
1429300568425,1429300568411,1429300568415,user_notified,-2
1429300899884,1429300899871,1429300899875,user_notified,-2
1429301018524,1429301018509,1429301018513,user_notified,-2
1429301543715,1429301543699,1429301543703,user_notified,-2
1429303200451,1429303200437,1429303200440,user_notified,-2
1429303388957,1429303388943,1429303388947,user_notified,-2
1429304363985,1429304363968,1429304363971,user_notified,-2
1429304664269,1429304664253,1429304664258,user_notified,-2
1429304917643,1429304917620,1429304917633,user_notified,-2
1429305157247,1429305157219,1429305157232,user_notified,-2
1429306362596,1429306362572,1429306362572,subject_20_c2,6>5>2>1
1429306362644,1429306362572,1429306362575,full_c2,6>5>1>2
1429306362648,1429306362572,1429306362576,subject_50_c2,6>5>1>2
1429306362654,1429306362572,1429306362576,subject_10_c2,6>5>1>2
1429306362666,1429306362572,1429306362577,subject_20_c1,6>5>1>2
1429306362674,1429306362572,1429306362578,population_c2,6>5>1>2
1429306362682,1429306362572,1429306362578,population_c1,6>5>1>2
1429306362688,1429306362572,1429306362579,subject_50_c1,6>5>1>2
1429306362691,1429306362572,1429306362580,majority_vote,6>5>1>2
1429306362703,1429306362572,1429306362580,subject_10_c1,6>5>1>2
1429306362711,1429306362572,1429306362581,full_c1,6>5>1>2
1429306362720,1429306362572,1429306362582,user_input,5>6>2>1
1429306486675,1429306486636,1429306486649,user_notified,-2
1429306554565,1429306554529,1429306554544,user_notified,-2
1429306904329,1429306904270,1429306904288,user_notified,-2
1429307036650,1429307036615,1429307036633,user_notified,-2
1429346014764,1429346014732,1429346014743,user_notified,1
1429346087419,1429346087399,1429346087405,user_notified,1
1429346329638,1429346329621,1429346329627,user_notified,1
1429346633365,1429346633350,1429346633353,user_notified,1
1429346738334,1429346738317,1429346738317,subject_20_c2,6>5>2>1
1429346738364,1429346738317,1429346738318,full_c2,6>5>1>2
1429346738367,1429346738317,1429346738318,subject_50_c2,6>5>1>2
1429346738370,1429346738317,1429346738319,subject_10_c2,6>5>1>2
1429346738374,1429346738317,1429346738319,subject_20_c1,6>5>1>2
1429346738384,1429346738317,1429346738320,population_c2,6>5>1>2
1429346738396,1429346738317,1429346738320,population_c1,6>5>1>2
1429346738410,1429346738317,1429346738320,subject_50_c1,6>5>1>2
1429346738414,1429346738317,1429346738321,majority_vote,6>5>1>2
1429346738419,1429346738317,1429346738322,subject_10_c1,6>5>1>2
1429346738422,1429346738317,1429346738322,full_c1,6>5>1>2
1429346738426,1429346738317,1429346738322,user_input,2>1>5>6
1429346743377,1429346743352,1429346743353,stress_survey,4-4-2
1429349652473,1429349652460,1429349652464,user_notified,-2
1429349711803,1429349711783,1429349711788,user_notified,-2
1429350134494,1429350134480,1429350134484,user_notified,-2
1429350195179,1429350195165,1429350195169,user_notified,-2
1429350681065,1429350680987,1429350680992,user_notified,-2
1429350741407,1429350741390,1429350741396,user_notified,-2
1429351164359,1429351164346,1429351164350,user_notified,-2
1429351225257,1429351225239,1429351225247,user_notified,-2
1429351438485,1429351438472,1429351438475,user_notified,-2
1429351498709,1429351498696,1429351498700,user_notified,-2
1429352741791,1429352741775,1429352741779,user_notified,-2
1429352801452,1429352801438,1429352801442,user_notified,-2
1429352904607,1429352904594,1429352904597,user_notified,-2
1429352964654,1429352964639,1429352964642,user_notified,-2
1429353707587,1429353707570,1429353707577,user_notified,-2
1429353767495,1429353767480,1429353767486,user_notified,-2
1429353827664,1429353827644,1429353827648,user_notified,-2
1429354582724,1429354582708,1429354582714,user_notified,-2
1429354874558,1429354874537,1429354874542,user_notified,-2
1429354996518,1429354996503,1429354996508,user_notified,-2
1429355187482,1429355187466,1429355187471,user_notified,-2
1429355279680,1429355279664,1429355279668,user_notified,-2
1429355400507,1429355400491,1429355400497,user_notified,-2
1429355460434,1429355460419,1429355460426,user_notified,-2
1429355521228,1429355521216,1429355521219,user_notified,-2
1429355643307,1429355643284,1429355643291,user_notified,-2
1429355704472,1429355704454,1429355704460,user_notified,-2
1429355765313,1429355765298,1429355765303,user_notified,-2
1429355885499,1429355885486,1429355885490,user_notified,-2
1429356005787,1429356005772,1429356005776,user_notified,-2
1429357016706,1429357016689,1429357016693,user_notified,-2
1429357414767,1429357414752,1429357414756,user_notified,-2
1429357537502,1429357537488,1429357537491,user_notified,-2
1429357747563,1429357747546,1429357747551,user_notified,1
1429357807690,1429357807673,1429357807677,user_notified,1
1429357868499,1429357868484,1429357868489,user_notified,1
1429357960782,1429357960769,1429357960773,user_notified,1
1429358020396,1429358020380,1429358020384,user_notified,1
1429358081342,1429358081316,1429358081320,user_notified,1
1429358261536,1429358261518,1429358261527,user_notified,1
1429358338890,1429358338856,1429358338856,subject_20_c2,6>5>2>1
1429358338927,1429358338856,1429358338856,full_c2,6>5>1>2
1429358338930,1429358338856,1429358338857,subject_50_c2,6>5>1>2
1429358338933,1429358338856,1429358338858,subject_10_c2,6>5>1>2
1429358338936,1429358338856,1429358338859,subject_20_c1,6>5>1>2
1429358338947,1429358338856,1429358338860,population_c2,6>5>1>2
1429358338951,1429358338856,1429358338861,population_c1,6>5>1>2
1429358338953,1429358338856,1429358338861,subject_50_c1,6>5>1>2
1429358338957,1429358338856,1429358338862,majority_vote,6>5>1>2
1429358338960,1429358338856,1429358338863,subject_10_c1,6>5>1>2
1429358338964,1429358338856,1429358338863,full_c1,6>5>1>2
1429358338968,1429358338856,1429358338864,user_input,2>1>5>6
1429358382198,1429358382183,1429358382187,user_notified,-2
1429358502347,1429358502331,1429358502337,user_notified,-2
1429358804193,1429358804176,1429358804182,user_notified,-2
1429358865665,1429358865652,1429358865655,user_notified,-2
1429358925395,1429358925380,1429358925386,user_notified,-2
1429358986360,1429358986346,1429358986351,user_notified,-2
1429359228712,1429359228680,1429359228702,user_notified,-2
1429359330375,1429359330358,1429359330365,user_notified,-2
1429359458531,1429359458518,1429359458522,user_notified,-2
1429359519208,1429359519193,1429359519198,user_notified,-2
1429359792956,1429359792939,1429359792944,user_notified,-2
1429359853336,1429359853321,1429359853325,user_notified,-2
1429360157301,1429360157286,1429360157290,user_notified,-2
1429360279422,1429360279408,1429360279412,user_notified,-2
1429360339367,1429360339349,1429360339355,user_notified,-2
1429360466330,1429360466311,1429360466316,user_notified,-2
1429360526753,1429360526734,1429360526740,user_notified,-2
1429360646179,1429360646163,1429360646166,user_notified,-2
1429360707544,1429360707528,1429360707533,user_notified,-2
1429360828403,1429360828387,1429360828393,user_notified,-2
1429360889369,1429360889357,1429360889361,user_notified,-2
1429360949464,1429360949451,1429360949455,user_notified,-2
1429361029814,1429361029798,1429361029805,user_notified,-2
1429361210647,1429361210634,1429361210637,user_notified,-2
1429361489277,1429361489263,1429361489266,user_notified,-2
1429361765310,1429361765288,1429361765293,user_notified,-2
1429361948597,1429361948580,1429361948587,user_notified,-2
1429362066268,1429362066251,1429362066255,user_notified,-2
1429362209276,1429362209261,1429362209267,user_notified,-2
1429362277498,1429362277485,1429362277490,user_notified,-2
1429362857985,1429362857969,1429362857974,user_notified,-2
1429362986297,1429362986282,1429362986288,user_notified,-2
1429363293568,1429363293552,1429363293557,user_notified,-2
1429363353548,1429363353529,1429363353535,user_notified,-2
1429363656765,1429363656749,1429363656753,user_notified,-2
1429363814305,1429363814289,1429363814295,user_notified,-2
1429363967615,1429363967597,1429363967604,user_notified,-2
1429364088295,1429364088278,1429364088286,user_notified,-2
1429364148755,1429364148736,1429364148745,user_notified,-2
1429364513367,1429364513351,1429364513357,user_notified,-2
1429364633437,1429364633422,1429364633426,user_notified,-2
1429364943796,1429364943772,1429364943783,user_notified,-2
1429365080380,1429365080364,1429365080369,user_notified,-2
1429365164514,1429365164496,1429365164500,user_notified,-2
1429366212742,1429366212727,1429366212732,user_notified,-2
1429366333810,1429366333795,1429366333799,user_notified,-2
1429367430826,1429367430791,1429367430800,user_notified,-2
1429367835666,1429367835651,1429367835656,user_notified,-2
1429368016680,1429368016665,1429368016669,user_notified,-2
1429368077563,1429368077529,1429368077542,user_notified,-2
1429368505461,1429368505445,1429368505448,user_notified,-2
1429368568636,1429368568622,1429368568626,user_notified,-2
1429369188676,1429369188663,1429369188666,user_notified,1
1429369197424,1429369197410,1429369197410,subject_20_c2,6>5>1>2
1429369197463,1429369197410,1429369197411,full_c2,6>5>1>2
1429369197469,1429369197410,1429369197411,subject_50_c2,6>5>1>2
1429369197473,1429369197410,1429369197412,subject_10_c2,6>5>1>2
1429369197497,1429369197410,1429369197412,subject_20_c1,6>5>1>2
1429369197500,1429369197410,1429369197413,population_c2,6>5>1>2
1429369197505,1429369197410,1429369197413,population_c1,6>5>1>2
1429369197508,1429369197410,1429369197413,subject_50_c1,6>5>1>2
1429369197514,1429369197410,1429369197414,majority_vote,6>5>1>2
1429369197517,1429369197410,1429369197414,subject_10_c1,6>5>1>2
1429369197521,1429369197410,1429369197415,full_c1,6>5>1>2
1429369197524,1429369197410,1429369197415,user_input,5>6>2>1
1429369309522,1429369309507,1429369309511,user_notified,-2
1429372959345,1429372959322,1429372959328,user_notified,-2
1429374922468,1429374922450,1429374922458,user_notified,-2
1429375354909,1429375354881,1429375354890,user_notified,-2
1429375475487,1429375475441,1429375475462,user_notified,-2
1429375775596,1429375775569,1429375775577,user_notified,-2
1429377705746,1429377705732,1429377705737,user_notified,-2
1429377890541,1429377890521,1429377890527,user_notified,-2
1429378014436,1429378014420,1429378014425,user_notified,-2
1429378138687,1429378138672,1429378138677,user_notified,-2
1429378383804,1429378383784,1429378383791,user_notified,-2
1429379118516,1429379118500,1429379118506,user_notified,-2
1429379540752,1429379540735,1429379540742,user_notified,-2
1429379600681,1429379600665,1429379600671,user_notified,-2
1429405210793,1429405210761,1429405210774,user_notified,1
1429405504925,1429405504907,1429405504912,user_notified,1
1429405780623,1429405780610,1429405780613,user_notified,1
1429405840534,1429405840520,1429405840525,user_notified,1
1429407644448,1429407644434,1429407644438,user_notified,1
1429408170045,1429408170033,1429408170037,user_notified,1
1429409117652,1429409117638,1429409117642,user_notified,1
1429410271545,1429410271528,1429410271536,user_notified,1
1429412899068,1429412899050,1429412899059,user_notified,1
1429412959361,1429412959348,1429412959351,user_notified,1
1429414398590,1429414398575,1429414398581,user_notified,1
1429414803705,1429414803691,1429414803695,user_notified,1
1429417338091,1429417338075,1429417338080,user_notified,1
1429417675324,1429417675305,1429417675314,user_notified,1
1429422674356,1429422674343,1429422674347,user_notified,1
1429423019365,1429423019352,1429423019355,user_notified,1
1429423079590,1429423079571,1429423079579,user_notified,1
1429423830139,1429423830123,1429423830127,user_notified,1
1429424325456,1429424325440,1429424325446,user_notified,1
1429424520474,1429424520460,1429424520463,user_notified,1
1429425556472,1429425556453,1429425556457,user_notified,1
1429426064584,1429426064571,1429426064574,user_notified,1
1429426322984,1429426322968,1429426322971,user_notified,1
1429426712565,1429426712541,1429426712547,user_notified,1
1429427099591,1429427099567,1429427099567,subject_20_c2,6>5>2>1
1429427099634,1429427099567,1429427099567,full_c2,6>5>1>2
1429427099638,1429427099567,1429427099568,subject_50_c2,6>5>1>2
1429427099644,1429427099567,1429427099568,subject_10_c2,6>5>1>2
1429427099665,1429427099567,1429427099569,subject_20_c1,6>5>1>2
1429427099670,1429427099567,1429427099569,population_c2,6>5>1>2
1429427099680,1429427099567,1429427099570,population_c1,6>5>1>2
1429427099684,1429427099567,1429427099570,subject_50_c1,6>5>1>2
1429427099688,1429427099567,1429427099570,majority_vote,6>5>1>2
1429427099692,1429427099567,1429427099571,subject_10_c1,6>5>1>2
1429427099696,1429427099567,1429427099572,full_c1,6>5>1>2
1429427099701,1429427099567,1429427099573,user_input,2>1>5>6
1429427721150,1429427721116,1429427721121,user_notified,-2
1429428050801,1429428050786,1429428050790,user_notified,-2
1429428112687,1429428112669,1429428112673,user_notified,-2
1429428174382,1429428174369,1429428174373,user_notified,-2
1429428235908,1429428235889,1429428235895,user_notified,-2
1429428297368,1429428297351,1429428297354,user_notified,-2
1429428419622,1429428419586,1429428419612,user_notified,-2
1429428480837,1429428480822,1429428480828,user_notified,-2
1429428665350,1429428665337,1429428665341,user_notified,-2
1429428848937,1429428848915,1429428848925,user_notified,-2
1429428968932,1429428968905,1429428968920,user_notified,-2
1429429220347,1429429220332,1429429220338,user_notified,-2
1429429282814,1429429282797,1429429282802,user_notified,-2
1429429458152,1429429458139,1429429458143,user_notified,-2
1429429710724,1429429710707,1429429710713,user_notified,-2
1429429829864,1429429829851,1429429829854,user_notified,-2
1429429890382,1429429890365,1429429890371,user_notified,-2
1429430371718,1429430371703,1429430371709,user_notified,-2
1429430431796,1429430431781,1429430431786,user_notified,-2
1429430676026,1429430676011,1429430676017,user_notified,-2
1429430736984,1429430736970,1429430736974,user_notified,-2
1429430858484,1429430858471,1429430858475,user_notified,-2
1429430922741,1429430922724,1429430922729,user_notified,-2
1429431106770,1429431106750,1429431106756,user_notified,-2
1429431170026,1429431169994,1429431169999,user_notified,-2
1429431830569,1429431830548,1429431830553,user_notified,-2
1429432190294,1429432190273,1429432190278,user_notified,-2
1429432252287,1429432252260,1429432252268,user_notified,-2
1429432318485,1429432318328,1429432318340,user_notified,-2
1429432372573,1429432372549,1429432372556,user_notified,-2
1429432545947,1429432545927,1429432545931,user_notified,-2
1429432720681,1429432720665,1429432720669,user_notified,-2
1429432780882,1429432780861,1429432780871,user_notified,-2
1429432841453,1429432841438,1429432841443,user_notified,-2
1429432901579,1429432901566,1429432901570,user_notified,-2
1429433515535,1429433515520,1429433515525,user_notified,-2
1429433638483,1429433638468,1429433638472,user_notified,-2
1429434189479,1429434189466,1429434189470,user_notified,-2
1429434493965,1429434493951,1429434493954,user_notified,-2
1429434555539,1429434555523,1429434555526,user_notified,-2
1429435285956,1429435285938,1429435285946,user_notified,-2
1429435470194,1429435470177,1429435470181,user_notified,-2
1429435538886,1429435538871,1429435538874,user_notified,-2
1429435598645,1429435598629,1429435598632,user_notified,-2
1429435781019,1429435781002,1429435781006,user_notified,-2
1429435842759,1429435842745,1429435842749,user_notified,-2
1429436100212,1429436100196,1429436100199,user_notified,-2
1429436344650,1429436344633,1429436344636,user_notified,-2
1429436465901,1429436465885,1429436465889,user_notified,-2
1429436959573,1429436959488,1429436959493,user_notified,-2
1429442238346,1429442238303,1429442238307,stress_survey,4-4-2
1429443355344,1429443355326,1429443355331,user_notified,1
1429443663759,1429443663740,1429443663745,user_notified,1
1429443723589,1429443723573,1429443723576,user_notified,1
1429443788739,1429443788722,1429443788727,user_notified,1
1429443971905,1429443971890,1429443971893,user_notified,1
1429444032870,1429444032855,1429444032858,user_notified,1
1429444220609,1429444220591,1429444220598,user_notified,1
1429444260120,1429444260097,1429444260097,subject_20_c2,6>5>2>1
1429444260160,1429444260097,1429444260097,full_c2,6>5>1>2
1429444260169,1429444260097,1429444260098,subject_50_c2,6>5>1>2
1429444260174,1429444260097,1429444260098,subject_10_c2,6>5>1>2
1429444260179,1429444260097,1429444260099,subject_20_c1,6>5>1>2
1429444260185,1429444260097,1429444260100,population_c2,6>5>1>2
1429444260190,1429444260097,1429444260100,population_c1,6>5>1>2
1429444260193,1429444260097,1429444260101,subject_50_c1,6>5>1>2
1429444260196,1429444260097,1429444260101,majority_vote,6>5>1>2
1429444260198,1429444260097,1429444260102,subject_10_c1,6>5>1>2
1429444260201,1429444260097,1429444260102,full_c1,6>5>1>2
1429444260204,1429444260097,1429444260103,user_input,2>1>5>6
1429444340982,1429444340964,1429444340968,user_notified,-2
1429444524254,1429444524229,1429444524237,user_notified,-2
1429445201630,1429445201615,1429445201619,user_notified,-2
1429445388753,1429445388739,1429445388743,user_notified,-2
1429445693925,1429445693912,1429445693915,user_notified,-2
1429446445834,1429446445819,1429446445823,user_notified,-2
1429446869616,1429446869601,1429446869607,user_notified,-2
1429446990602,1429446990589,1429446990593,user_notified,-2
1429447290964,1429447290950,1429447290955,user_notified,-2
1429447351462,1429447351443,1429447351447,user_notified,-2
1429448042965,1429448042950,1429448042954,user_notified,-2
1429448855064,1429448855049,1429448855054,user_notified,-2
1429449223577,1429449223561,1429449223565,user_notified,-2
1429450296710,1429450296698,1429450296702,user_notified,-2
1429450659775,1429450659763,1429450659767,user_notified,-2
1429450779796,1429450779781,1429450779786,user_notified,-2
1429451144103,1429451144088,1429451144092,user_notified,-2
1429452640427,1429452640412,1429452640419,user_notified,-2
1429452969986,1429452969954,1429452969955,stress_survey,4-4-2
1429453140605,1429453140591,1429453140595,user_notified,-2
1429453201790,1429453201776,1429453201781,user_notified,-2
1429453387708,1429453387692,1429453387697,user_notified,-2
1429453449473,1429453449459,1429453449462,user_notified,-2
1429454301553,1429454301538,1429454301544,user_notified,-2
1429454545604,1429454545590,1429454545594,user_notified,-2
1429455358097,1429455358074,1429455358081,user_notified,1
1429455373900,1429455373865,1429455373865,subject_20_c2,6>5>2>1
1429455373928,1429455373865,1429455373867,full_c2,6>5>1>2
1429455373932,1429455373865,1429455373868,subject_50_c2,6>5>1>2
1429455373935,1429455373865,1429455373868,subject_10_c2,6>5>1>2
1429455373939,1429455373865,1429455373869,subject_20_c1,6>5>1>2
1429455373951,1429455373865,1429455373870,population_c2,6>5>1>2
1429455373957,1429455373865,1429455373870,population_c1,6>5>1>2
1429455373961,1429455373865,1429455373871,subject_50_c1,6>5>1>2
1429455373969,1429455373865,1429455373871,majority_vote,6>5>1>2
1429455373973,1429455373865,1429455373872,subject_10_c1,6>5>1>2
1429455373977,1429455373865,1429455373873,full_c1,6>5>1>2
1429455373981,1429455373865,1429455373875,user_input,2>1>5>6
1429455731742,1429455731728,1429455731732,user_notified,-2
1429456455710,1429456455696,1429456455699,user_notified,-2
1429456736763,1429456736748,1429456736752,user_notified,-2
1429458850692,1429458850679,1429458850683,user_notified,-2
1429459091909,1429459091895,1429459091898,user_notified,-2
1429462275047,1429462275031,1429462275038,user_notified,-2
1429463390734,1429463390717,1429463390723,user_notified,-2
1429463762784,1429463762766,1429463762771,user_notified,-2
1429464132010,1429464131987,1429464131994,user_notified,-2
1429464253177,1429464253146,1429464253151,user_notified,-2
1429464315581,1429464315567,1429464315571,user_notified,-2
1429464375858,1429464375837,1429464375841,user_notified,-2
1429464558744,1429464558730,1429464558733,user_notified,-2
1429464625683,1429464625667,1429464625671,user_notified,-2
1429464684968,1429464684953,1429464684958,user_notified,-2
1429464745501,1429464745486,1429464745491,user_notified,-2
1429464805372,1429464805357,1429464805362,user_notified,-2
1429464990879,1429464990864,1429464990869,user_notified,-2
1429511116827,1429511116804,1429511116811,user_notified,1
1429511739554,1429511739536,1429511739543,user_notified,1
1429511757034,1429511757017,1429511757017,subject_20_c2,6>5>1>2
1429511757072,1429511757017,1429511757018,full_c2,2>1>5>6
1429511757077,1429511757017,1429511757018,subject_50_c2,2>1>5>6
1429511757090,1429511757017,1429511757019,subject_10_c2,2>1>5>6
1429511757098,1429511757017,1429511757019,subject_20_c1,2>1>5>6
1429511757101,1429511757017,1429511757020,population_c2,6>5>1>2
1429511757105,1429511757017,1429511757021,population_c1,2>1>5>6
1429511757108,1429511757017,1429511757021,subject_50_c1,2>1>5>6
1429511757112,1429511757017,1429511757022,majority_vote,2>1>5>6
1429511757115,1429511757017,1429511757022,subject_10_c1,2>1>5>6
1429511757118,1429511757017,1429511757023,full_c1,2>1>5>6
1429511757122,1429511757017,1429511757024,user_input,1>2>5>6
1429512806190,1429512806171,1429512806174,user_notified,-2
1429512871062,1429512871048,1429512871053,user_notified,-2
1429512932802,1429512932788,1429512932793,user_notified,-2
1429513668083,1429513668068,1429513668071,user_notified,-2
1429513790784,1429513790770,1429513790775,user_notified,-2
1429513852046,1429513852032,1429513852037,user_notified,-2
1429513912018,1429513912002,1429513912006,user_notified,-2
1429513972128,1429513972056,1429513972059,user_notified,-2
1429514342793,1429514342774,1429514342781,user_notified,-2
1429514903596,1429514903580,1429514903583,user_notified,-2
1429514965051,1429514965035,1429514965042,user_notified,-2
1429515210659,1429515210645,1429515210649,user_notified,-2
1429515394240,1429515394219,1429515394225,user_notified,-2
1429515821078,1429515821064,1429515821068,user_notified,-2
1429516008850,1429516008834,1429516008840,user_notified,-2
1429517305014,1429517304996,1429517305004,user_notified,-2
1429518764459,1429518764440,1429518764447,user_notified,-2
1429521044116,1429521044092,1429521044106,user_notified,-2
1429556419043,1429556419019,1429556419029,user_notified,1
1429556541105,1429556541089,1429556541093,user_notified,1
1429556602059,1429556602038,1429556602042,user_notified,1
1429556663344,1429556663328,1429556663332,user_notified,1
1429556724588,1429556724567,1429556724573,user_notified,1
1429556786124,1429556786106,1429556786111,user_notified,1
1429556907794,1429556907778,1429556907784,user_notified,1
1429556967756,1429556967736,1429556967742,user_notified,1
1429557027920,1429557027901,1429557027910,user_notified,1
1429557087840,1429557087825,1429557087829,user_notified,1
1429557756098,1429557756081,1429557756085,user_notified,1
1429559460084,1429559460003,1429559460003,subject_20_c2,2>1>6>5
1429559460115,1429559460003,1429559460005,full_c2,6>5>1>2
1429559460119,1429559460003,1429559460006,subject_50_c2,2>1>5>6
1429559460134,1429559460003,1429559460006,subject_10_c2,6>5>1>2
1429559460142,1429559460003,1429559460007,subject_20_c1,2>1>5>6
1429559460145,1429559460003,1429559460007,population_c2,2>1>5>6
1429559460148,1429559460003,1429559460008,population_c1,6>5>1>2
1429559460151,1429559460003,1429559460009,subject_50_c1,2>1>5>6
1429559460157,1429559460003,1429559460010,majority_vote,2>1>5>6
1429559460161,1429559460003,1429559460010,subject_10_c1,6>5>1>2
1429559460164,1429559460003,1429559460011,full_c1,6>5>1>2
1429559460166,1429559460003,1429559460011,user_input,2>1>5>6
1429564988681,1429564988649,1429564988653,user_notified,-2
1429594168445,1429594168426,1429594168435,user_notified,1
1429594288331,1429594288314,1429594288321,user_notified,1
1429594311386,1429594311363,1429594311363,subject_20_c2,2>1>5>6
1429594311423,1429594311363,1429594311364,full_c2,2>1>5>6
1429594311429,1429594311363,1429594311365,subject_50_c2,2>1>5>6
1429594311432,1429594311363,1429594311365,subject_10_c2,2>1>5>6
1429594311435,1429594311363,1429594311366,subject_20_c1,2>1>5>6
1429594311438,1429594311363,1429594311366,population_c2,2>1>5>6
1429594311454,1429594311363,1429594311367,population_c1,2>1>5>6
1429594311459,1429594311363,1429594311367,subject_50_c1,2>1>5>6
1429594311463,1429594311363,1429594311368,majority_vote,2>1>5>6
1429594311466,1429594311363,1429594311368,subject_10_c1,2>1>5>6
1429594311471,1429594311363,1429594311369,full_c1,2>1>5>6
1429594311475,1429594311363,1429594311369,user_input,2>1>5>6
1429595165987,1429595165891,1429595165898,user_notified,-2
1429595227676,1429595227660,1429595227664,user_notified,-2
1429595597979,1429595597962,1429595597969,user_notified,-2
1429595658634,1429595658602,1429595658616,user_notified,-2
1429595840479,1429595840464,1429595840469,user_notified,-2
1429595901555,1429595901534,1429595901541,user_notified,-2
1429595961805,1429595961789,1429595961795,user_notified,-2
1429596022577,1429596022562,1429596022566,user_notified,-2
1429596082549,1429596082535,1429596082539,user_notified,-2
1429596336679,1429596336663,1429596336667,user_notified,-2
1429596396670,1429596396654,1429596396661,user_notified,-2
1429596646306,1429596646290,1429596646296,user_notified,-2
1429596918140,1429596918120,1429596918125,user_notified,-2
1429596979556,1429596979531,1429596979539,user_notified,-2
1429597102753,1429597102737,1429597102743,user_notified,-2
1429598285960,1429598285943,1429598285947,user_notified,-2
1429598347244,1429598347225,1429598347231,user_notified,-2
1429600139802,1429600139781,1429600139785,user_notified,-2
1429600996271,1429600996253,1429600996256,user_notified,-2
1429602157692,1429602157675,1429602157680,user_notified,-2
1429603525693,1429603525678,1429603525683,user_notified,-2
1429603646154,1429603646140,1429603646143,user_notified,-2
1429609956631,1429609956602,1429609956612,user_notified,1
1429609963108,1429609963082,1429609963082,subject_20_c2,6>5>1>2
1429609963152,1429609963082,1429609963083,full_c2,6>5>1>2
1429609963167,1429609963082,1429609963084,subject_50_c2,6>5>1>2
1429609963172,1429609963082,1429609963084,subject_10_c2,6>5>1>2
1429609963175,1429609963082,1429609963085,subject_20_c1,6>5>1>2
1429609963177,1429609963082,1429609963085,population_c2,6>5>1>2
1429609963180,1429609963082,1429609963087,population_c1,6>5>1>2
1429609963188,1429609963082,1429609963087,subject_50_c1,6>5>1>2
1429609963193,1429609963082,1429609963088,majority_vote,6>5>1>2
1429609963196,1429609963082,1429609963088,subject_10_c1,6>5>1>2
1429609963198,1429609963082,1429609963089,full_c1,2>1>5>6
1429609963201,1429609963082,1429609963089,user_input,5>6>2>1
1429612729673,1429612729661,1429612729664,user_notified,-2
1429627278987,1429627278944,1429627278950,stress_survey,4-4-2
1429630322102,1429630322081,1429630322088,user_notified,1
1429630567709,1429630567692,1429630567700,user_notified,1
1429631622602,1429631622587,1429631622592,user_notified,1
1429631684580,1429631684555,1429631684560,user_notified,1
1429631745797,1429631745779,1429631745785,user_notified,1
1429632424194,1429632424178,1429632424182,user_notified,1
1429632692008,1429632691965,1429632691965,subject_20_c2,6>5>1>2
1429632692062,1429632691965,1429632691968,full_c2,6>5>1>2
1429632692069,1429632691965,1429632691969,subject_50_c2,6>5>1>2
1429632692074,1429632691965,1429632691971,subject_10_c2,6>5>1>2
1429632692081,1429632691965,1429632691971,subject_20_c1,6>5>1>2
1429632692086,1429632691965,1429632691972,population_c2,6>5>1>2
1429632692089,1429632691965,1429632691973,population_c1,6>5>1>2
1429632692091,1429632691965,1429632691977,subject_50_c1,6>5>1>2
1429632692095,1429632691965,1429632691978,majority_vote,6>5>1>2
1429632692099,1429632691965,1429632691978,subject_10_c1,6>5>1>2
1429632692104,1429632691965,1429632691981,full_c1,6>5>1>2
1429632692106,1429632691965,1429632691982,user_input,5>6>2>1
1429633905629,1429633905601,1429633905606,user_notified,-2
1429651631245,1429651631221,1429651631221,subject_20_c2,6>5>2>1
1429651631275,1429651631221,1429651631224,full_c2,6>5>1>2
1429651631279,1429651631221,1429651631224,subject_50_c2,6>5>1>2
1429651631284,1429651631221,1429651631225,subject_10_c2,6>5>1>2
1429651631288,1429651631221,1429651631225,subject_20_c1,6>5>1>2
1429651631295,1429651631221,1429651631226,population_c2,6>5>1>2
1429651631327,1429651631221,1429651631226,population_c1,6>5>1>2
1429651631343,1429651631221,1429651631228,subject_50_c1,6>5>1>2
1429651631347,1429651631221,1429651631229,majority_vote,6>5>1>2
1429651631350,1429651631221,1429651631229,subject_10_c1,2>1>5>6
1429651631353,1429651631221,1429651631230,full_c1,2>1>5>6
1429651631359,1429651631221,1429651631230,user_input,1>2>5>6
1429686983897,1429686983876,1429686983888,user_notified,1
1429686992848,1429686992829,1429686992829,subject_20_c2,2>1>5>6
1429686992887,1429686992829,1429686992830,full_c2,6>5>1>2
1429686992892,1429686992829,1429686992831,subject_50_c2,2>1>5>6
1429686992895,1429686992829,1429686992832,subject_10_c2,6>5>1>2
1429686992898,1429686992829,1429686992832,subject_20_c1,6>5>1>2
1429686992906,1429686992829,1429686992833,population_c2,2>1>5>6
1429686992909,1429686992829,1429686992834,population_c1,6>5>1>2
1429686992912,1429686992829,1429686992834,subject_50_c1,6>5>1>2
1429686992914,1429686992829,1429686992835,majority_vote,6>5>1>2
1429686992917,1429686992829,1429686992837,subject_10_c1,6>5>1>2
1429686992920,1429686992829,1429686992837,full_c1,6>5>1>2
1429686992923,1429686992829,1429686992838,user_input,5>6>2>1
1429687043613,1429687043591,1429687043595,user_notified,-2
1429687103602,1429687103590,1429687103593,user_notified,-2
1429687284636,1429687284623,1429687284627,user_notified,-2
1429687349387,1429687349374,1429687349377,user_notified,-2
1429687409765,1429687409738,1429687409747,user_notified,-2
1429687469884,1429687469870,1429687469875,user_notified,-2
1429687596873,1429687596859,1429687596864,user_notified,-2
1429687666780,1429687666766,1429687666770,user_notified,-2
1429688221597,1429688221582,1429688221586,user_notified,-2
1429688283745,1429688283720,1429688283728,user_notified,-2
1429688344782,1429688344766,1429688344773,user_notified,-2
1429718641329,1429718641314,1429718641317,user_notified,1
1429718967695,1429718967577,1429718967577,subject_20_c2,6>5>1>2
1429718967718,1429718967577,1429718967580,full_c2,6>5>1>2
1429718967724,1429718967577,1429718967581,subject_50_c2,6>5>1>2
1429718967727,1429718967577,1429718967582,subject_10_c2,6>5>1>2
1429718967733,1429718967577,1429718967582,subject_20_c1,6>5>1>2
1429718967743,1429718967577,1429718967583,population_c2,2>1>5>6
1429718967747,1429718967577,1429718967584,population_c1,6>5>1>2
1429718967753,1429718967577,1429718967584,subject_50_c1,6>5>1>2
1429718967762,1429718967577,1429718967585,majority_vote,6>5>1>2
1429718967767,1429718967577,1429718967585,subject_10_c1,6>5>1>2
1429718967777,1429718967577,1429718967586,full_c1,6>5>1>2
1429718967780,1429718967577,1429718967587,user_input,5>6>2>1
1429722289034,1429722289012,1429722289019,user_notified,-2
1429723759762,1429723759748,1429723759752,user_notified,-2
1429724433667,1429724433644,1429724433652,user_notified,-2
1429724495011,1429724494993,1429724495000,user_notified,-2
1429724618692,1429724618677,1429724618680,user_notified,-2
1429724679862,1429724679847,1429724679851,user_notified,-2
1429724864725,1429724864708,1429724864713,user_notified,-2
1429739415757,1429739415734,1429739415738,user_notified,1
1429769108567,1429769108540,1429769108540,subject_20_c2,6>5>2>1
1429769108608,1429769108540,1429769108542,full_c2,6>5>1>2
1429769108611,1429769108540,1429769108543,subject_50_c2,6>5>1>2
1429769108614,1429769108540,1429769108544,subject_10_c2,6>5>1>2
1429769108618,1429769108540,1429769108545,subject_20_c1,6>5>1>2
1429769108634,1429769108540,1429769108545,population_c2,6>5>1>2
1429769108640,1429769108540,1429769108546,population_c1,6>5>1>2
1429769108644,1429769108540,1429769108547,subject_50_c1,6>5>1>2
1429769108650,1429769108540,1429769108547,majority_vote,6>5>1>2
1429769108654,1429769108540,1429769108548,subject_10_c1,6>5>1>2
1429769108657,1429769108540,1429769108549,full_c1,6>5>1>2
1429769108660,1429769108540,1429769108550,user_input,2>1>5>6
1429770453102,1429770453080,1429770453084,user_notified,-2
1429770697555,1429770697530,1429770697539,user_notified,-2
1429772057366,1429772057295,1429772057314,user_notified,-2
1429772116950,1429772116937,1429772116941,user_notified,-2
1429772418527,1429772418512,1429772418517,user_notified,-2
1429772488299,1429772488284,1429772488288,user_notified,-2
1429772549463,1429772549441,1429772549451,user_notified,-2
1429772609617,1429772609604,1429772609608,user_notified,-2
1429772671886,1429772671871,1429772671876,user_notified,-2
1429772732734,1429772732718,1429772732723,user_notified,-2
1429772794895,1429772794879,1429772794884,user_notified,-2
1429772919057,1429772919038,1429772919045,user_notified,-2
1429773040315,1429773040298,1429773040303,user_notified,-2
1429805600716,1429805600694,1429805600699,user_notified,1
1429805661560,1429805661537,1429805661551,user_notified,1
1429805723034,1429805723018,1429805723022,user_notified,1
1429805784656,1429805784638,1429805784645,user_notified,1
1429805907829,1429805907805,1429805907815,user_notified,1
1429805969564,1429805969536,1429805969545,user_notified,1
1429806153559,1429806153543,1429806153549,user_notified,1
1429806215799,1429806215777,1429806215785,user_notified,1
1429807192802,1429807192774,1429807192779,user_notified,1
1429807253051,1429807253029,1429807253033,user_notified,1
1429807437965,1429807437942,1429807437954,user_notified,1
1429807869100,1429807869086,1429807869090,user_notified,1
1429807928843,1429807928820,1429807928824,user_notified,1
1429807992165,1429807992144,1429807992149,user_notified,1
1429808053378,1429808053362,1429808053367,user_notified,1
1429808236979,1429808236959,1429808236965,user_notified,1
1429808298591,1429808298573,1429808298577,user_notified,1
1429808359872,1429808359854,1429808359858,user_notified,1
1429808467637,1429808467625,1429808467625,subject_20_c2,6>5>2>1
1429808467667,1429808467625,1429808467625,full_c2,6>5>1>2
1429808467676,1429808467625,1429808467626,subject_50_c2,6>5>1>2
1429808467682,1429808467625,1429808467626,subject_10_c2,6>5>1>2
1429808467686,1429808467625,1429808467626,subject_20_c1,6>5>1>2
1429808467695,1429808467625,1429808467627,population_c2,6>5>1>2
1429808467703,1429808467625,1429808467627,population_c1,6>5>1>2
1429808467705,1429808467625,1429808467628,subject_50_c1,6>5>1>2
1429808467707,1429808467625,1429808467628,majority_vote,6>5>1>2
1429808467710,1429808467625,1429808467628,subject_10_c1,6>5>1>2
1429808467713,1429808467625,1429808467629,full_c1,6>5>1>2
1429808467716,1429808467625,1429808467629,user_input,2>1>5>6
1429808482771,1429808482747,1429808482753,user_notified,-2
1429808541758,1429808541744,1429808541748,user_notified,-2
1429825640045,1429825640023,1429825640033,user_notified,1
1429856128486,1429856128472,1429856128472,subject_20_c2,6>5>2>1
1429856128512,1429856128472,1429856128473,full_c2,6>5>1>2
1429856128519,1429856128472,1429856128474,subject_50_c2,6>5>1>2
1429856128524,1429856128472,1429856128474,subject_10_c2,6>5>1>2
1429856128533,1429856128472,1429856128475,subject_20_c1,2>1>5>6
1429856128536,1429856128472,1429856128475,population_c2,6>5>1>2
1429856128542,1429856128472,1429856128476,population_c1,6>5>1>2
1429856128546,1429856128472,1429856128476,subject_50_c1,2>1>5>6
1429856128552,1429856128472,1429856128477,majority_vote,6>5>1>2
1429856128556,1429856128472,1429856128477,subject_10_c1,6>5>1>2
1429856128559,1429856128472,1429856128478,full_c1,6>5>1>2
1429856128562,1429856128472,1429856128478,user_input,1>2>5>6
1429858341814,1429858341790,1429858341795,user_notified,-2
1429858404546,1429858404531,1429858404535,user_notified,-2
1429858524779,1429858524761,1429858524768,user_notified,-2
1429858644844,1429858644831,1429858644835,user_notified,-2
1429858704846,1429858704831,1429858704836,user_notified,-2
1429858765200,1429858765181,1429858765188,user_notified,-2
1429858823699,1429858823683,1429858823687,user_notified,-2
1429858883581,1429858883567,1429858883570,user_notified,-2
1429859003940,1429859003921,1429859003926,user_notified,-2
1429859125732,1429859125710,1429859125717,user_notified,-2
1429859246263,1429859246246,1429859246253,user_notified,-2
1429859370107,1429859370088,1429859370096,user_notified,-2
1429859552758,1429859552743,1429859552750,user_notified,-2
1429868036054,1429868036038,1429868036038,subject_20_c2,2>1>5>6
1429868036081,1429868036038,1429868036040,full_c2,2>1>5>6
1429868036083,1429868036038,1429868036041,subject_50_c2,2>1>5>6
1429868036086,1429868036038,1429868036041,subject_10_c2,2>1>5>6
1429868036093,1429868036038,1429868036042,subject_20_c1,2>1>5>6
1429868036102,1429868036038,1429868036042,population_c2,6>5>1>2
1429868036111,1429868036038,1429868036043,population_c1,2>1>5>6
1429868036115,1429868036038,1429868036043,subject_50_c1,2>1>5>6
1429868036122,1429868036038,1429868036044,majority_vote,2>1>5>6
1429868036126,1429868036038,1429868036044,subject_10_c1,2>1>5>6
1429868036129,1429868036038,1429868036045,full_c1,2>1>5>6
1429868036132,1429868036038,1429868036047,user_input,2>1>5>6
1429873883442,1429873883398,1429873883426,user_notified,-2
1429874011882,1429874005542,1429874005547,user_notified,-2
1429874067044,1429874067029,1429874067033,user_notified,-2
1429874128937,1429874128922,1429874128926,user_notified,-2
1429874253540,1429874253526,1429874253529,user_notified,-2
1429874314850,1429874314835,1429874314838,user_notified,-2
1429874747821,1429874747805,1429874747809,user_notified,-2
1429874929886,1429874929871,1429874929875,user_notified,-2
1429875110677,1429875110594,1429875110597,user_notified,-2
1429875525741,1429875525728,1429875525732,user_notified,-2
1429875651745,1429875651720,1429875651728,user_notified,-2
1429875713095,1429875713070,1429875713085,user_notified,-2
1429875835407,1429875835385,1429875835392,user_notified,-2
1429875896665,1429875896652,1429875896656,user_notified,-2
1429875958566,1429875958537,1429875958554,user_notified,-2
1429876200586,1429876200498,1429876200504,user_notified,-2
1429876381036,1429876381015,1429876381022,user_notified,-2
1429877131711,1429877131692,1429877131698,user_notified,-2
1429877197768,1429877197752,1429877197757,user_notified,-2
1429877419419,1429877419403,1429877419407,user_notified,-2
1429877497653,1429877497635,1429877497641,user_notified,-2
1429877619545,1429877619528,1429877619531,user_notified,-2
1429877680487,1429877680463,1429877680473,user_notified,-2
1429877861518,1429877861504,1429877861508,user_notified,-2
1429878224552,1429878224536,1429878224541,user_notified,-2
1429878974566,1429878974544,1429878974548,user_notified,1
1429879155947,1429879155931,1429879155935,user_notified,1
1429879268521,1429879268506,1429879268511,user_notified,1
1429879329505,1429879329485,1429879329491,user_notified,1
1429879389616,1429879389601,1429879389606,user_notified,1
1429879569863,1429879569841,1429879569846,user_notified,1
1429879928522,1429879928507,1429879928510,user_notified,1
1429880171498,1429880171482,1429880171485,user_notified,1
1429880291731,1429880291708,1429880291716,user_notified,1
1429880318138,1429880318122,1429880318122,subject_20_c2,6>5>2>1
1429880318176,1429880318122,1429880318123,full_c2,6>5>1>2
1429880318189,1429880318122,1429880318124,subject_50_c2,6>5>1>2
1429880318194,1429880318122,1429880318124,subject_10_c2,6>5>1>2
1429880318200,1429880318122,1429880318125,subject_20_c1,6>5>1>2
1429880318203,1429880318122,1429880318125,population_c2,6>5>1>2
1429880318206,1429880318122,1429880318126,population_c1,6>5>1>2
1429880318209,1429880318122,1429880318126,subject_50_c1,6>5>1>2
1429880318212,1429880318122,1429880318126,majority_vote,6>5>1>2
1429880318215,1429880318122,1429880318127,subject_10_c1,6>5>1>2
1429880318218,1429880318122,1429880318127,full_c1,6>5>1>2
1429880318221,1429880318122,1429880318128,user_input,5>6>2>1
1429880352918,1429880352902,1429880352907,user_notified,-2
1429880532895,1429880532870,1429880532879,user_notified,-2
1429880593146,1429880593130,1429880593133,user_notified,-2
1429880653638,1429880653621,1429880653626,user_notified,-2
1429880713733,1429880713717,1429880713722,user_notified,-2
1429880773752,1429880773729,1429880773735,user_notified,-2
1429880833817,1429880833795,1429880833799,user_notified,-2
1429881015678,1429881015661,1429881015664,user_notified,-2
1429891871740,1429891871710,1429891871721,user_notified,1
1429891932981,1429891932962,1429891932970,user_notified,1
1429891998762,1429891998746,1429891998751,user_notified,1
1429892791000,1429892790971,1429892790980,user_notified,1
1429892931177,1429892931150,1429892931150,subject_20_c2,6>5>1>2
1429892931230,1429892931150,1429892931152,full_c2,6>5>1>2
1429892931235,1429892931150,1429892931152,subject_50_c2,6>5>1>2
1429892931239,1429892931150,1429892931153,subject_10_c2,6>5>1>2
1429892931259,1429892931150,1429892931153,subject_20_c1,6>5>1>2
1429892931263,1429892931150,1429892931154,population_c2,6>5>1>2
1429892931268,1429892931150,1429892931155,population_c1,6>5>1>2
1429892931273,1429892931150,1429892931155,subject_50_c1,6>5>1>2
1429892931277,1429892931150,1429892931156,majority_vote,6>5>1>2
1429892931281,1429892931150,1429892931157,subject_10_c1,6>5>1>2
1429892931285,1429892931150,1429892931157,full_c1,6>5>1>2
1429892931288,1429892931150,1429892931160,user_input,2>1>5>6
1429893031565,1429893031551,1429893031554,user_notified,-2
1429893215067,1429893215036,1429893215049,user_notified,-2
1429893393848,1429893393829,1429893393833,user_notified,-2
1429948153423,1429948153389,1429948153397,user_notified,1
1429948159963,1429948159949,1429948159949,subject_20_c2,6>5>1>2
1429948159990,1429948159949,1429948159950,full_c2,6>5>1>2
1429948159995,1429948159949,1429948159950,subject_50_c2,6>5>1>2
1429948160000,1429948159949,1429948159951,subject_10_c2,6>5>1>2
1429948160015,1429948159949,1429948159951,subject_20_c1,6>5>1>2
1429948160027,1429948159949,1429948159951,population_c2,6>5>1>2
1429948160033,1429948159949,1429948159952,population_c1,6>5>1>2
1429948160040,1429948159949,1429948159952,subject_50_c1,6>5>1>2
1429948160045,1429948159949,1429948159953,majority_vote,6>5>1>2
1429948160049,1429948159949,1429948159953,subject_10_c1,6>5>1>2
1429948160052,1429948159949,1429948159954,full_c1,6>5>1>2
1429948160060,1429948159949,1429948159954,user_input,2>1>5>6
1429948211728,1429948211707,1429948211713,user_notified,-2
1429948274402,1429948274386,1429948274390,user_notified,-2
1429948336068,1429948336053,1429948336057,user_notified,-2
1429948645402,1429948645381,1429948645386,user_notified,-2
1429948888967,1429948888952,1429948888956,user_notified,-2
1429948948315,1429948948296,1429948948302,user_notified,-2
1429949071514,1429949071500,1429949071504,user_notified,-2
1429949526388,1429949526370,1429949526376,user_notified,-2
1429949588053,1429949588037,1429949588040,user_notified,-2
1429950362001,1429950361989,1429950361993,user_notified,-2
1429950485191,1429950485172,1429950485177,user_notified,-2
1429950545808,1429950545787,1429950545792,user_notified,-2
1429951530745,1429951530729,1429951530735,user_notified,-2
1429951591928,1429951591913,1429951591916,user_notified,-2
1429951655399,1429951655383,1429951655386,user_notified,-2
1429951718975,1429951718962,1429951718965,user_notified,-2
1429951780692,1429951780677,1429951780680,user_notified,-2
1429951841950,1429951841935,1429951841939,user_notified,-2
1429952086837,1429952086820,1429952086825,user_notified,-2
1429952148543,1429952148529,1429952148533,user_notified,-2
1429952209774,1429952209758,1429952209761,user_notified,-2
1429952271664,1429952271642,1429952271654,user_notified,-2
1429952332839,1429952332820,1429952332828,user_notified,-2
1429952393713,1429952393695,1429952393700,user_notified,-2
1429952516668,1429952516654,1429952516657,user_notified,-2
1429952639683,1429952639667,1429952639672,user_notified,-2
1429952700817,1429952700803,1429952700806,user_notified,-2
1429952823719,1429952823706,1429952823710,user_notified,-2
1429952883768,1429952883754,1429952883760,user_notified,-2
1429952944757,1429952944745,1429952944749,user_notified,-2
1429953005989,1429953005974,1429953005979,user_notified,-2
1429953250960,1429953250943,1429953250949,user_notified,-2
1429953313895,1429953313875,1429953313883,user_notified,-2
1429953379036,1429953379010,1429953379021,user_notified,-2
1429953447220,1429953447193,1429953447198,user_notified,-2
1429953593609,1429953593596,1429953593599,user_notified,-2
1429953905177,1429953905159,1429953905164,user_notified,-2
1429953965083,1429953965063,1429953965070,user_notified,-2
1429954270813,1429954270791,1429954270794,user_notified,-2
1429968479989,1429968479964,1429968479976,user_notified,1
1429968505778,1429968505755,1429968505755,subject_20_c2,6>5>2>1
1429968505835,1429968505755,1429968505756,full_c2,6>5>1>2
1429968505846,1429968505755,1429968505757,subject_50_c2,6>5>1>2
1429968505856,1429968505755,1429968505757,subject_10_c2,6>5>1>2
1429968505861,1429968505755,1429968505757,subject_20_c1,2>1>5>6
1429968505865,1429968505755,1429968505758,population_c2,6>5>1>2
1429968505869,1429968505755,1429968505758,population_c1,6>5>1>2
1429968505886,1429968505755,1429968505759,subject_50_c1,2>1>5>6
1429968505891,1429968505755,1429968505759,majority_vote,6>5>1>2
1429968505898,1429968505755,1429968505759,subject_10_c1,6>5>1>2
1429968505900,1429968505755,1429968505760,full_c1,6>5>1>2
1429968505903,1429968505755,1429968505760,user_input,1>2>5>6
1429969916268,1429969916241,1429969916254,user_notified,-2
1429969976336,1429969976321,1429969976325,user_notified,-2
1429970035930,1429970035910,1429970035916,user_notified,-2
1429970096171,1429970096158,1429970096162,user_notified,-2
1429970160909,1429970160889,1429970160894,user_notified,-2
1429970222102,1429970222085,1429970222090,user_notified,-2
1429970405859,1429970405841,1429970405844,user_notified,-2
1429970466276,1429970466249,1429970466260,user_notified,-2
1429970527882,1429970527869,1429970527872,user_notified,-2
1429970650676,1429970650658,1429970650663,user_notified,-2
1429970772874,1429970772855,1429970772859,user_notified,-2
1429970898672,1429970898656,1429970898661,user_notified,-2
1429971452883,1429971452861,1429971452867,user_notified,-2
1429971514072,1429971514059,1429971514064,user_notified,-2
1429971821834,1429971821819,1429971821825,user_notified,-2
1429971882287,1429971882273,1429971882276,user_notified,-2
1429972064823,1429972064806,1429972064811,user_notified,-2
1429972125388,1429972125370,1429972125377,user_notified,-2
1429972186685,1429972186665,1429972186671,user_notified,-2
1429972374697,1429972374685,1429972374688,user_notified,-2
1429972498790,1429972498773,1429972498781,user_notified,-2
1429974195118,1429974195102,1429974195107,user_notified,-2
1429999868736,1429999868709,1429999868714,user_notified,1
1429999927648,1429999927629,1429999927634,user_notified,1
1429999929608,1429999929596,1429999929596,subject_20_c2,6>5>2>1
1429999929632,1429999929596,1429999929596,full_c2,6>5>1>2
1429999929639,1429999929596,1429999929597,subject_50_c2,6>5>1>2
1429999929642,1429999929596,1429999929597,subject_10_c2,6>5>1>2
1429999929652,1429999929596,1429999929598,subject_20_c1,6>5>1>2
1429999929658,1429999929596,1429999929598,population_c2,6>5>1>2
1429999929661,1429999929596,1429999929599,population_c1,6>5>1>2
1429999929671,1429999929596,1429999929599,subject_50_c1,6>5>1>2
1429999929678,1429999929596,1429999929599,majority_vote,6>5>1>2
1429999929681,1429999929596,1429999929600,subject_10_c1,6>5>1>2
1429999929684,1429999929596,1429999929600,full_c1,6>5>1>2
1429999929687,1429999929596,1429999929600,user_input,2>1>5>6
1430004449696,1430004449679,1430004449684,user_notified,-2
1430039627173,1430039627133,1430039627134,stress_survey,4-4-1
1430041875762,1430041875744,1430041875748,user_notified,1
1430041934713,1430041934696,1430041934701,user_notified,1
1430041938953,1430041938933,1430041938933,subject_20_c2,6>5>2>1
1430041938992,1430041938933,1430041938934,full_c2,6>5>1>2
1430041938998,1430041938933,1430041938935,subject_50_c2,6>5>1>2
1430041939002,1430041938933,1430041938935,subject_10_c2,6>5>1>2
1430041939006,1430041938933,1430041938936,subject_20_c1,6>5>1>2
1430041939019,1430041938933,1430041938937,population_c2,6>5>1>2
1430041939022,1430041938933,1430041938938,population_c1,6>5>1>2
1430041939028,1430041938933,1430041938939,subject_50_c1,6>5>1>2
1430041939031,1430041938933,1430041938939,majority_vote,6>5>1>2
1430041939034,1430041938933,1430041938940,subject_10_c1,6>5>1>2
1430041939037,1430041938933,1430041938940,full_c1,6>5>1>2
1430041939040,1430041938933,1430041938940,user_input,2>1>5>6
1430042056271,1430042056252,1430042056256,user_notified,-2
1430042674377,1430042674362,1430042674367,user_notified,-2
1430042865309,1430042865290,1430042865297,user_notified,-2
1430043047551,1430043047537,1430043047540,user_notified,-2
1430043167289,1430043167273,1430043167278,user_notified,-2
1430043227257,1430043227243,1430043227248,user_notified,-2
1430043468126,1430043468111,1430043468114,user_notified,-2
1430058128444,1430058128416,1430058128422,user_notified,1
1430058424886,1430058424873,1430058424873,subject_20_c2,6>5>1>2
1430058424921,1430058424873,1430058424874,full_c2,6>5>1>2
1430058424925,1430058424873,1430058424875,subject_50_c2,6>5>1>2
1430058424927,1430058424873,1430058424875,subject_10_c2,6>5>1>2
1430058424931,1430058424873,1430058424876,subject_20_c1,6>5>1>2
1430058424942,1430058424873,1430058424876,population_c2,6>5>1>2
1430058424948,1430058424873,1430058424877,population_c1,6>5>1>2
1430058424953,1430058424873,1430058424877,subject_50_c1,6>5>1>2
1430058424958,1430058424873,1430058424877,majority_vote,6>5>1>2
1430058424960,1430058424873,1430058424878,subject_10_c1,6>5>1>2
1430058424963,1430058424873,1430058424878,full_c1,2>1>5>6
1430058424966,1430058424873,1430058424879,user_input,2>1>5>6
1430058711198,1430058711178,1430058711184,user_notified,-2
1430058773163,1430058773137,1430058773145,user_notified,-2
1430058835341,1430058835321,1430058835331,user_notified,-2
1430058957342,1430058957312,1430058957329,user_notified,-2
1430059078918,1430059078902,1430059078906,user_notified,-2
1430059812869,1430059812856,1430059812859,user_notified,-2
1430059934633,1430059934618,1430059934623,user_notified,-2
1430059995520,1430059995507,1430059995511,user_notified,-2
1430060241308,1430060241293,1430060241297,user_notified,-2
1430060793361,1430060793346,1430060793350,user_notified,-2
1430060855382,1430060855362,1430060855369,user_notified,-2
1430060978646,1430060978613,1430060978619,user_notified,-2
1430061100637,1430061100612,1430061100615,user_notified,-2
1430061283382,1430061283353,1430061283364,user_notified,-2
1430061346631,1430061346609,1430061346619,user_notified,-2
1430061531225,1430061531205,1430061531215,user_notified,-2
1430061654768,1430061654745,1430061654754,user_notified,-2
1430061714376,1430061714361,1430061714367,user_notified,-2
1430062276383,1430062276366,1430062276372,user_notified,-2
1430062337438,1430062337426,1430062337429,user_notified,-2
1430062464258,1430062464242,1430062464246,user_notified,-2
1430062526011,1430062525997,1430062526001,user_notified,-2
1430062587533,1430062587518,1430062587523,user_notified,-2
1430062651582,1430062651568,1430062651571,user_notified,-2
1430062773579,1430062773563,1430062773570,user_notified,-2
1430063570108,1430063570092,1430063570096,user_notified,-2
1430064120152,1430064120139,1430064120143,user_notified,-2
1430064733219,1430064733204,1430064733209,user_notified,-2
1430065470274,1430065470259,1430065470263,user_notified,-2
1430065531238,1430065531221,1430065531228,user_notified,-2
1430065660673,1430065660650,1430065660660,user_notified,-2
1430065721359,1430065721342,1430065721349,user_notified,-2
1430065781420,1430065781402,1430065781407,user_notified,-2
1430065964469,1430065964452,1430065964456,user_notified,-2
1430066024715,1430066024693,1430066024697,user_notified,-2
1430066086229,1430066086216,1430066086221,user_notified,-2
1430066146959,1430066146945,1430066146949,user_notified,-2
1430066572566,1430066572550,1430066572555,user_notified,-2
1430066633415,1430066633376,1430066633379,user_notified,-2
1430067487326,1430067487308,1430067487313,user_notified,-2
1430067548402,1430067548386,1430067548391,user_notified,-2
1430069102601,1430069102583,1430069102587,user_notified,-2
1430069163693,1430069163678,1430069163683,user_notified,-2
1430069286331,1430069286315,1430069286320,user_notified,1
1430069349217,1430069349190,1430069349196,user_notified,1
1430069590529,1430069589720,1430069589724,user_notified,1
1430069652798,1430069652770,1430069652780,user_notified,1
1430069657188,1430069657173,1430069657173,subject_20_c2,6>5>1>2
1430069657215,1430069657173,1430069657174,full_c2,6>5>1>2
1430069657224,1430069657173,1430069657175,subject_50_c2,6>5>1>2
1430069657227,1430069657173,1430069657175,subject_10_c2,6>5>1>2
1430069657233,1430069657173,1430069657176,subject_20_c1,6>5>1>2
1430069657239,1430069657173,1430069657176,population_c2,6>5>1>2
1430069657244,1430069657173,1430069657176,population_c1,6>5>1>2
1430069657247,1430069657173,1430069657177,subject_50_c1,6>5>1>2
1430069657249,1430069657173,1430069657177,majority_vote,6>5>1>2
1430069657251,1430069657173,1430069657178,subject_10_c1,6>5>1>2
1430069657255,1430069657173,1430069657178,full_c1,6>5>1>2
1430069657257,1430069657173,1430069657179,user_input,1>2>5>6
1430069713079,1430069713065,1430069713069,user_notified,-2
1430070517198,1430070517175,1430070517184,user_notified,-2
1430070602519,1430070602499,1430070602505,user_notified,-2
1430070902585,1430070902565,1430070902569,user_notified,-2
1430078237547,1430078237527,1430078237531,user_notified,-2
1430102037322,1430102037300,1430102037307,user_notified,1
1430102044684,1430102044671,1430102044671,subject_20_c2,6>5>1>2
1430102044713,1430102044671,1430102044672,full_c2,6>5>1>2
1430102044718,1430102044671,1430102044672,subject_50_c2,6>5>1>2
1430102044723,1430102044671,1430102044673,subject_10_c2,6>5>1>2
1430102044728,1430102044671,1430102044673,subject_20_c1,6>5>1>2
1430102044732,1430102044671,1430102044674,population_c2,2>1>5>6
1430102044738,1430102044671,1430102044674,population_c1,6>5>1>2
1430102044742,1430102044671,1430102044674,subject_50_c1,6>5>1>2
1430102044747,1430102044671,1430102044675,majority_vote,6>5>1>2
1430102044752,1430102044671,1430102044675,subject_10_c1,6>5>1>2
1430102044756,1430102044671,1430102044676,full_c1,6>5>1>2
1430102044759,1430102044671,1430102044676,user_input,2>1>5>6
1430102098744,1430102098722,1430102098727,user_notified,-2
1430102348401,1430102348384,1430102348390,user_notified,-2
1430102408337,1430102408322,1430102408327,user_notified,-2
1430102468269,1430102468255,1430102468258,user_notified,-2
1430102533774,1430102533760,1430102533765,user_notified,-2
1430102594194,1430102594178,1430102594182,user_notified,-2
1430102654232,1430102654216,1430102654222,user_notified,-2
1430102774026,1430102774013,1430102774016,user_notified,-2
1430102836124,1430102836103,1430102836108,user_notified,-2
1430102957145,1430102957130,1430102957135,user_notified,-2
1430103018295,1430103018281,1430103018284,user_notified,-2
1430103623911,1430103623897,1430103623901,user_notified,-2
1430104173166,1430104173149,1430104173153,user_notified,-2
1430104476621,1430104476603,1430104476607,user_notified,-2
1430104537342,1430104537326,1430104537331,user_notified,-2
1430104598055,1430104598036,1430104598041,user_notified,-2
1430104658371,1430104658355,1430104658359,user_notified,-2
1430105141377,1430105141348,1430105141366,user_notified,-2
1430105263524,1430105263511,1430105263514,user_notified,-2
1430105748403,1430105748389,1430105748392,user_notified,-2
1430106844195,1430106844178,1430106844182,user_notified,-2
1430106925461,1430106925446,1430106925450,user_notified,-2
1430107600186,1430107600167,1430107600172,user_notified,-2
1430108829170,1430108829144,1430108829154,user_notified,-2
1430110048701,1430110048685,1430110048689,user_notified,-2
1430110108583,1430110108569,1430110108572,user_notified,-2
1430119506190,1430119506171,1430119506179,user_notified,1
1430119514147,1430119514125,1430119514125,subject_20_c2,6>5>1>2
1430119514212,1430119514125,1430119514126,full_c2,6>5>1>2
1430119514217,1430119514125,1430119514126,subject_50_c2,6>5>1>2
1430119514220,1430119514125,1430119514127,subject_10_c2,6>5>1>2
1430119514222,1430119514125,1430119514127,subject_20_c1,6>5>1>2
1430119514234,1430119514125,1430119514128,population_c2,6>5>1>2
1430119514238,1430119514125,1430119514128,population_c1,6>5>1>2
1430119514242,1430119514125,1430119514129,subject_50_c1,6>5>1>2
1430119514245,1430119514125,1430119514129,majority_vote,6>5>1>2
1430119514249,1430119514125,1430119514129,subject_10_c1,6>5>1>2
1430119514253,1430119514125,1430119514130,full_c1,6>5>1>2
1430119514257,1430119514125,1430119514130,user_input,2>1>5>6
1430121516047,1430121516020,1430121516023,user_notified,-2
1430122129111,1430122129090,1430122129097,user_notified,-2
1430122949368,1430122949351,1430122949358,user_notified,-2
1430123664293,1430123664259,1430123664266,user_notified,-2
1430124160878,1430124160844,1430124160851,user_notified,-2
1430124461626,1430124461613,1430124461616,user_notified,-2
1430124896944,1430124896928,1430124896933,user_notified,-2
1430125018302,1430125018286,1430125018291,user_notified,-2
1430126140266,1430126140248,1430126140255,user_notified,-2
1430126200863,1430126200845,1430126200849,user_notified,-2
1430126805161,1430126805147,1430126805152,user_notified,-2
1430126865921,1430126865904,1430126865908,user_notified,-2
1430127243362,1430127243337,1430127243342,user_notified,-2
1430127365207,1430127365181,1430127365185,user_notified,-2
1430128144443,1430128144428,1430128144434,user_notified,-2
1430129797960,1430129797924,1430129797943,user_notified,-2
1430138977246,1430138977229,1430138977232,user_notified,1
1430139295512,1430139295494,1430139295499,user_notified,1
1430141255107,1430141255088,1430141255088,subject_20_c2,6>5>1>2
1430141255132,1430141255088,1430141255090,full_c2,6>5>1>2
1430141255138,1430141255088,1430141255090,subject_50_c2,6>5>1>2
1430141255141,1430141255088,1430141255090,subject_10_c2,6>5>1>2
1430141255157,1430141255088,1430141255091,subject_20_c1,6>5>1>2
1430141255161,1430141255088,1430141255091,population_c2,6>5>1>2
1430141255167,1430141255088,1430141255092,population_c1,6>5>1>2
1430141255172,1430141255088,1430141255092,subject_50_c1,6>5>1>2
1430141255180,1430141255088,1430141255092,majority_vote,6>5>1>2
1430141255184,1430141255088,1430141255093,subject_10_c1,6>5>1>2
1430141255192,1430141255088,1430141255093,full_c1,6>5>1>2
1430141255196,1430141255088,1430141255094,user_input,2>1>5>6
1430141439900,1430141439871,1430141439889,user_notified,-2
1430141636123,1430141636109,1430141636112,user_notified,-2
1430141996865,1430141996838,1430141996841,user_notified,-2
1430142720772,1430142720748,1430142720759,user_notified,-2
1430144625248,1430144625231,1430144625235,user_notified,-2
1430144810571,1430144810555,1430144810560,user_notified,-2
1430145176914,1430145176899,1430145176903,user_notified,-2
1430145725535,1430145725515,1430145725520,user_notified,-2
1430145923223,1430145923207,1430145923214,user_notified,-2
1430146694905,1430146694890,1430146694893,user_notified,-2
1430146757173,1430146757154,1430146757160,user_notified,-2
1430146817452,1430146817436,1430146817440,user_notified,-2
1430146877652,1430146877636,1430146877639,user_notified,-2
1430146942784,1430146942766,1430146942769,user_notified,-2
1430147002895,1430147002880,1430147002884,user_notified,-2
1430147063020,1430147063005,1430147063010,user_notified,-2
1430147687778,1430147687761,1430147687766,user_notified,-2
1430148445955,1430148445939,1430148445943,user_notified,-2
1430148505979,1430148505961,1430148505967,user_notified,-2
1430149627785,1430149627769,1430149627773,user_notified,-2
1430149754262,1430149754242,1430149754252,user_notified,-2
1430150440502,1430150440483,1430150440491,user_notified,-2
1430150564309,1430150564290,1430150564293,user_notified,-2
1430150753916,1430150753900,1430150753904,user_notified,-2
1430150876525,1430150876506,1430150876512,user_notified,-2
1430151245319,1430151245298,1430151245306,user_notified,-2
1430151370459,1430151370437,1430151370441,user_notified,-2
1430151496542,1430151496519,1430151496525,user_notified,-2
1430151681108,1430151681089,1430151681095,user_notified,-2
1430151743192,1430151743060,1430151743065,user_notified,-2
1430151815480,1430151815451,1430151815462,user_notified,-2
1430151879228,1430151879199,1430151879208,user_notified,-2
1430151932612,1430151932580,1430151932586,user_notified,-2
1430152056417,1430152056385,1430152056395,user_notified,1
1430152058539,1430152058515,1430152058515,subject_20_c2,6>5>1>2
1430152058574,1430152058515,1430152058517,full_c2,6>5>1>2
1430152058579,1430152058515,1430152058518,subject_50_c2,6>5>1>2
1430152058584,1430152058515,1430152058519,subject_10_c2,6>5>1>2
1430152058603,1430152058515,1430152058520,subject_20_c1,6>5>1>2
1430152058612,1430152058515,1430152058521,population_c2,6>5>1>2
1430152058636,1430152058515,1430152058522,population_c1,6>5>1>2
1430152058641,1430152058515,1430152058522,subject_50_c1,6>5>1>2
1430152058645,1430152058515,1430152058523,majority_vote,6>5>1>2
1430152058651,1430152058515,1430152058524,subject_10_c1,6>5>1>2
1430152058660,1430152058515,1430152058525,full_c1,6>5>1>2
1430152058664,1430152058515,1430152058526,user_input,5>6>2>1
1430152116932,1430152116908,1430152116914,user_notified,-2
1430152170826,1430152170801,1430152170809,user_notified,-2
1430152232327,1430152232308,1430152232313,user_notified,-2
1430152297020,1430152296994,1430152296998,user_notified,-2
1430152427004,1430152426920,1430152426968,user_notified,-2
1430152539089,1430152539071,1430152539076,user_notified,-2
1430153028276,1430153028254,1430153028263,user_notified,-2
1430153088058,1430153088040,1430153088044,user_notified,-2
1430153154366,1430153154353,1430153154356,user_notified,-2
1430153216086,1430153216067,1430153216070,user_notified,-2
1430153276486,1430153276469,1430153276473,user_notified,-2
1430153587296,1430153587281,1430153587287,user_notified,-2
1430153709431,1430153709401,1430153709417,user_notified,-2
1430154015533,1430154015503,1430154015513,user_notified,-2
1430154135959,1430154135942,1430154135947,user_notified,-2
1430155998405,1430155998387,1430155998391,user_notified,-2
1430156057954,1430156057935,1430156057942,user_notified,-2
1430156119185,1430156119169,1430156119173,user_notified,-2
1430156374910,1430156374891,1430156374898,user_notified,-2
1430156659734,1430156659716,1430156659724,user_notified,-2
1430156720130,1430156720114,1430156720120,user_notified,-2
1430157079924,1430157079904,1430157079913,user_notified,-2
1430157140835,1430157140818,1430157140821,user_notified,-2
1430157472926,1430157472911,1430157472915,user_notified,-2
1430157835204,1430157835187,1430157835192,user_notified,-2
1430159064052,1430159064039,1430159064043,user_notified,-2
1430159737702,1430159737688,1430159737692,user_notified,-2
1430159799035,1430159799012,1430159799016,user_notified,-2
1430159860458,1430159860439,1430159860446,user_notified,-2
1430159922004,1430159921984,1430159921992,user_notified,-2
1430160418006,1430160417991,1430160417995,user_notified,-2
1430160539572,1430160539553,1430160539561,user_notified,-2
1430160721284,1430160721267,1430160721271,user_notified,-2
1430164611683,1430164611662,1430164611670,user_notified,1
1430167123393,1430167123357,1430167123378,user_notified,1
1430167195259,1430167195240,1430167195240,subject_20_c2,6>5>1>2
1430167195287,1430167195240,1430167195243,full_c2,6>5>1>2
1430167195291,1430167195240,1430167195244,subject_50_c2,6>5>1>2
1430167195297,1430167195240,1430167195245,subject_10_c2,6>5>1>2
1430167195304,1430167195240,1430167195245,subject_20_c1,6>5>1>2
1430167195316,1430167195240,1430167195246,population_c2,6>5>1>2
1430167195320,1430167195240,1430167195246,population_c1,6>5>1>2
1430167195325,1430167195240,1430167195247,subject_50_c1,6>5>1>2
1430167195331,1430167195240,1430167195247,majority_vote,6>5>1>2
1430167195334,1430167195240,1430167195247,subject_10_c1,6>5>1>2
1430167195343,1430167195240,1430167195248,full_c1,6>5>1>2
1430167195346,1430167195240,1430167195248,user_input,5>6>2>1
1430169621147,1430169621126,1430169621133,user_notified,-2
1430169680931,1430169680914,1430169680918,user_notified,-2
1430169800271,1430169800240,1430169800258,user_notified,-2
1430169923128,1430169923107,1430169923113,user_notified,-2
1430170043957,1430170043937,1430170043944,user_notified,-2
1430170103965,1430170103940,1430170103952,user_notified,-2
1430170223839,1430170223809,1430170223823,user_notified,-2
1430170283831,1430170283815,1430170283820,user_notified,-2
1430170404144,1430170404126,1430170404131,user_notified,-2
1430170463944,1430170463922,1430170463932,user_notified,-2
1430170523975,1430170523938,1430170523950,user_notified,-2
1430170586147,1430170586128,1430170586132,user_notified,-2
1430170646222,1430170646178,1430170646199,user_notified,-2
1430170721519,1430170721495,1430170721503,user_notified,-2
1430171306952,1430171306932,1430171306937,user_notified,-2
1430171368196,1430171368173,1430171368181,user_notified,-2
1430183797021,1430183797007,1430183797011,user_notified,1
1430184142914,1430184142893,1430184142903,user_notified,1
1430184266866,1430184266847,1430184266853,user_notified,1
1430184568377,1430184568360,1430184568363,user_notified,1
1430187105309,1430187105289,1430187105298,user_notified,1
1430187291732,1430187291714,1430187291720,user_notified,1
1430194281833,1430194281813,1430194281822,user_notified,1
1430194342187,1430194342171,1430194342175,user_notified,1
1430199790523,1430199790504,1430199790509,user_notified,1
1430199849819,1430199849803,1430199849809,user_notified,1
1430199856263,1430199856246,1430199856246,subject_20_c2,6>5>1>2
1430199856280,1430199856246,1430199856246,full_c2,6>5>1>2
1430199856283,1430199856246,1430199856247,subject_50_c2,6>5>1>2
1430199856292,1430199856246,1430199856248,subject_10_c2,6>5>1>2
1430199856299,1430199856246,1430199856248,subject_20_c1,6>5>1>2
1430199856304,1430199856246,1430199856249,population_c2,6>5>1>2
1430199856314,1430199856246,1430199856250,population_c1,6>5>1>2
1430199856317,1430199856246,1430199856250,subject_50_c1,6>5>1>2
1430199856320,1430199856246,1430199856251,majority_vote,6>5>1>2
1430199856323,1430199856246,1430199856252,subject_10_c1,6>5>1>2
1430199856329,1430199856246,1430199856253,full_c1,6>5>1>2
1430199856335,1430199856246,1430199856253,user_input,2>1>5>6
1430199909027,1430199909006,1430199909010,user_notified,-2
1430200248686,1430200248672,1430200248676,user_notified,-2
1430200495033,1430200495016,1430200495022,user_notified,-2
1430200555959,1430200555946,1430200555950,user_notified,-2
1430200618965,1430200617318,1430200617324,user_notified,-2
1430200739437,1430200739419,1430200739424,user_notified,-2
1430200987662,1430200987636,1430200987640,user_notified,-2
1430201047783,1430201047762,1430201047770,user_notified,-2
1430201235900,1430201235885,1430201235889,user_notified,-2
1430201561075,1430201561049,1430201561066,user_notified,-2
1430201745977,1430201745963,1430201745967,user_notified,-2
1430201932388,1430201932366,1430201932372,user_notified,-2
1430201993973,1430201993960,1430201993964,user_notified,-2
1430202055368,1430202055348,1430202055358,user_notified,-2
1430202479118,1430202479095,1430202479106,user_notified,-2
1430203842290,1430203842249,1430203842257,user_notified,-2
1430204271546,1430204271520,1430204271531,user_notified,-2
1430204332697,1430204332673,1430204332685,user_notified,-2
1430205450047,1430205450023,1430205450029,user_notified,-2
1430205573704,1430205573687,1430205573693,user_notified,-2
1430205633781,1430205633765,1430205633769,user_notified,-2
1430205758133,1430205758111,1430205758116,user_notified,-2
1430205879533,1430205879512,1430205879517,user_notified,-2
1430205940448,1430205940432,1430205940438,user_notified,-2
1430207663635,1430207663616,1430207663620,user_notified,-2
1430207860429,1430207860410,1430207860417,user_notified,-2
1430208028045,1430208028027,1430208028034,user_notified,-2
1430208089368,1430208089351,1430208089355,user_notified,-2
1430210431932,1430210431905,1430210431917,user_notified,-2
1430210492273,1430210492251,1430210492258,user_notified,-2
1430212564166,1430212564135,1430212564143,user_notified,1
1430212624617,1430212624595,1430212624602,user_notified,1
1430213107328,1430213107312,1430213107318,user_notified,1
1430213167763,1430213167747,1430213167753,user_notified,1
1430213287838,1430213287819,1430213287823,user_notified,1
1430213301971,1430213301954,1430213301954,subject_20_c2,6>5>2>1
1430213302013,1430213301954,1430213301955,full_c2,6>5>1>2
1430213302019,1430213301954,1430213301956,subject_50_c2,6>5>1>2
1430213302028,1430213301954,1430213301956,subject_10_c2,6>5>1>2
1430213302033,1430213301954,1430213301957,subject_20_c1,6>5>1>2
1430213302037,1430213301954,1430213301957,population_c2,6>5>1>2
1430213302039,1430213301954,1430213301958,population_c1,6>5>1>2
1430213302043,1430213301954,1430213301959,subject_50_c1,6>5>1>2
1430213302046,1430213301954,1430213301959,majority_vote,6>5>1>2
1430213302049,1430213301954,1430213301959,subject_10_c1,6>5>1>2
1430213302052,1430213301954,1430213301960,full_c1,6>5>1>2
1430213302055,1430213301954,1430213301961,user_input,5>6>2>1
1430213408305,1430213408282,1430213408289,user_notified,-2
1430213829218,1430213829203,1430213829209,user_notified,-2
1430213889542,1430213889525,1430213889531,user_notified,-2
1430213950545,1430213950524,1430213950531,user_notified,-2
1430214009925,1430214009893,1430214009898,user_notified,-2
1430215347173,1430215347154,1430215347158,user_notified,-2
1430215407516,1430215407494,1430215407502,user_notified,-2
1430216116099,1430216116077,1430216116086,user_notified,-2
1430216176079,1430216176058,1430216176062,user_notified,-2
1430216254228,1430216254196,1430216254203,user_notified,-2
1430216435194,1430216435181,1430216435185,user_notified,-2
1430216929391,1430216929372,1430216929382,user_notified,-2
1430216990199,1430216990170,1430216990180,user_notified,-2
1430217050805,1430217050786,1430217050790,user_notified,-2
1430217110456,1430217110433,1430217110436,user_notified,-2
1430218535254,1430218535230,1430218535239,user_notified,-2
1430218727002,1430218726980,1430218726985,user_notified,-2
1430218847356,1430218847326,1430218847339,user_notified,-2
1430218907119,1430218907103,1430218907109,user_notified,-2
1430218968106,1430218968086,1430218968093,user_notified,-2
1430219098023,1430219098003,1430219098008,user_notified,-2
1430219338097,1430219338082,1430219338085,user_notified,-2
1430219398294,1430219398279,1430219398283,user_notified,-2
1430219579247,1430219579231,1430219579234,user_notified,-2
1430219639300,1430219639286,1430219639290,user_notified,-2
1430219760192,1430219760177,1430219760180,user_notified,-2
1430220000741,1430220000724,1430220000728,user_notified,-2
1430220061171,1430220061158,1430220061162,user_notified,-2
1430220121046,1430220121030,1430220121035,user_notified,-2
1430220181153,1430220181135,1430220181140,user_notified,-2
1430220241452,1430220241433,1430220241443,user_notified,-2
1430222626452,1430222626437,1430222626440,user_notified,-2
1430223739488,1430223739471,1430223739476,user_notified,-2
1430223801015,1430223801003,1430223801006,user_notified,-2
1430223862430,1430223862413,1430223862419,user_notified,-2
1430224468061,1430224468041,1430224468045,user_notified,1
1430224555620,1430224555601,1430224555601,subject_20_c2,6>5>1>2
1430224555666,1430224555601,1430224555602,full_c2,6>5>1>2
1430224555670,1430224555601,1430224555602,subject_50_c2,6>5>1>2
1430224555673,1430224555601,1430224555603,subject_10_c2,6>5>1>2
1430224555676,1430224555601,1430224555603,subject_20_c1,6>5>1>2
1430224555679,1430224555601,1430224555604,population_c2,6>5>1>2
1430224555683,1430224555601,1430224555604,population_c1,6>5>1>2
1430224555686,1430224555601,1430224555604,subject_50_c1,6>5>1>2
1430224555695,1430224555601,1430224555605,majority_vote,6>5>1>2
1430224555698,1430224555601,1430224555605,subject_10_c1,6>5>1>2
1430224555702,1430224555601,1430224555606,full_c1,6>5>1>2
1430224555704,1430224555601,1430224555606,user_input,6>5>2>1
1430224648068,1430224648052,1430224648056,user_notified,-2
1430225441194,1430225441178,1430225441182,user_notified,-2
1430225580880,1430225580864,1430225580868,user_notified,-2
1430225640797,1430225640783,1430225640786,user_notified,-2
1430225701176,1430225701154,1430225701161,user_notified,-2
1430225821885,1430225821866,1430225821875,user_notified,-2
1430226707328,1430226707305,1430226707315,user_notified,-2
1430226954001,1430226953987,1430226953990,user_notified,-2
1430227016035,1430227016014,1430227016018,user_notified,-2
1430227427216,1430227427197,1430227427204,user_notified,-2
1430227492858,1430227492844,1430227492848,user_notified,-2
1430227553324,1430227553304,1430227553309,user_notified,-2
1430227615597,1430227615574,1430227615584,user_notified,-2
1430227861455,1430227861433,1430227861445,user_notified,-2
1430227921521,1430227921503,1430227921508,user_notified,-2
1430228297193,1430228297168,1430228297173,user_notified,-2
1430228420237,1430228420202,1430228420219,user_notified,-2
1430228669123,1430228669106,1430228669112,user_notified,-2
1430229594251,1430229594233,1430229594240,user_notified,-2
1430230139417,1430230139393,1430230139397,user_notified,-2
1430230620732,1430230620710,1430230620720,user_notified,-2
1430230740964,1430230740947,1430230740951,user_notified,-2
1430230981881,1430230981864,1430230981870,user_notified,-2
1430231288183,1430231288169,1430231288173,user_notified,-2
1430231535136,1430231535120,1430231535124,user_notified,-2
1430231790104,1430231790084,1430231790092,user_notified,-2
1430232037193,1430232037176,1430232037183,user_notified,-2
1430232160920,1430232160901,1430232160905,user_notified,-2
1430232346685,1430232346659,1430232346665,user_notified,-2
1430232645404,1430232645384,1430232645388,user_notified,-2
1430288943683,1430288943650,1430288943660,user_notified,1
1430289155129,1430289154941,1430289154941,subject_20_c2,6>5>2>1
1430289155153,1430289154941,1430289154949,full_c2,6>5>1>2
1430289155159,1430289154941,1430289154950,subject_50_c2,6>5>1>2
1430289155182,1430289154941,1430289154950,subject_10_c2,6>5>1>2
1430289155192,1430289154941,1430289154951,subject_20_c1,6>5>1>2
1430289155205,1430289154941,1430289154952,population_c2,6>5>1>2
1430289155212,1430289154941,1430289154953,population_c1,6>5>1>2
1430289155225,1430289154941,1430289154954,subject_50_c1,6>5>1>2
1430289155230,1430289154941,1430289154954,majority_vote,6>5>1>2
1430289155235,1430289154941,1430289154955,subject_10_c1,6>5>1>2
1430289155241,1430289154941,1430289154956,full_c1,6>5>1>2
1430289155247,1430289154941,1430289154957,user_input,2>1>5>6
1430289164174,1430289164148,1430289164153,user_notified,-2
1430289227386,1430289227368,1430289227373,user_notified,-2
1430291505465,1430291505440,1430291505452,user_notified,-2
1430291748396,1430291748380,1430291748384,user_notified,-2
1430291808371,1430291808351,1430291808360,user_notified,-2
1430292300042,1430292300014,1430292300022,user_notified,-2
1430292419958,1430292419939,1430292419943,user_notified,-2
1430292480401,1430292480385,1430292480391,user_notified,-2
1430292540442,1430292540428,1430292540432,user_notified,-2
1430292847039,1430292847026,1430292847030,user_notified,-2
1430293342108,1430293342087,1430293342091,user_notified,-2
1430293523127,1430293523114,1430293523117,user_notified,-2
1430293645430,1430293645410,1430293645413,user_notified,-2
1430294007690,1430294007674,1430294007678,user_notified,-2
1430294612759,1430294612733,1430294612738,user_notified,-2
1430294793931,1430294793911,1430294793914,user_notified,-2
1430295548151,1430295548137,1430295548140,user_notified,-2
1430296272189,1430296272172,1430296272178,user_notified,-2
1430296332322,1430296332304,1430296332309,user_notified,-2
1430296573127,1430296573108,1430296573118,user_notified,-2
1430296693126,1430296693113,1430296693116,user_notified,-2
